,date,Delhi,Haryana,Karnataka,Kerala,Maharashtra,Punjab,Rajasthan,Tamil Nadu,Telengana,Jammu and Kashmir,Ladakh,Uttar Pradesh,Andhra Pradesh,Uttarakhand,Odisha,Puducherry,West Bengal,Chhattisgarh,Chandigarh,Gujarat,Himachal Pradesh,Madhya Pradesh,Bihar,Manipur,Mizoram,Andaman and Nicobar Islands,Goa,Assam,Jharkhand,Arunachal Pradesh,Tripura,Nagaland,Meghalaya,Nagaland#,Jharkhand#,Madhya Pradesh#,Dadar Nagar Haveli,Sikkim,Dadra and Nagar Haveli and Daman and Diu,Telangana,Telangana***,Lakshadweep,Maharashtra***,Chandigarh***,Punjab***,Uttarakhand***,Bihar****,Goa***,Kerala***,Maharashtra****,Chandigarh****,Goa*****
0,2020-03-10,4,14,1,9.0,2.0,1.0,2,1,1.0,1,2,9,0.0,0.0,0.0,0.0,0.0,0.0,0.0,0.0,0.0,0.0,0.0,0.0,0.0,0.0,0.0,0.0,0.0,0.0,0.0,0.0,0.0,0.0,0.0,0.0,0.0,0.0,0.0,0.0,0.0,0.0,0.0,0.0,0.0,0.0,0.0,0.0,0.0,0.0,0.0,0.0
1,2020-03-11,5,14,4,17.0,2.0,1.0,3,1,1.0,1,2,9,0.0,0.0,0.0,0.0,0.0,0.0,0.0,0.0,0.0,0.0,0.0,0.0,0.0,0.0,0.0,0.0,0.0,0.0,0.0,0.0,0.0,0.0,0.0,0.0,0.0,0.0,0.0,0.0,0.0,0.0,0.0,0.0,0.0,0.0,0.0,0.0,0.0,0.0,0.0,0.0
2,2020-03-12,6,14,4,17.0,11.0,1.0,3,1,1.0,1,3,11,0.0,0.0,0.0,0.0,0.0,0.0,0.0,0.0,0.0,0.0,0.0,0.0,0.0,0.0,0.0,0.0,0.0,0.0,0.0,0.0,0.0,0.0,0.0,0.0,0.0,0.0,0.0,0.0,0.0,0.0,0.0,0.0,0.0,0.0,0.0,0.0,0.0,0.0,0.0,0.0
3,2020-03-13,7,14,6,19.0,14.0,1.0,3,1,1.0,1,3,11,1.0,0.0,0.0,0.0,0.0,0.0,0.0,0.0,0.0,0.0,0.0,0.0,0.0,0.0,0.0,0.0,0.0,0.0,0.0,0.0,0.0,0.0,0.0,0.0,0.0,0.0,0.0,0.0,0.0,0.0,0.0,0.0,0.0,0.0,0.0,0.0,0.0,0.0,0.0,0.0
4,2020-03-14,7,14,6,19.0,14.0,1.0,3,1,1.0,2,3,12,1.0,0.0,0.0,0.0,0.0,0.0,0.0,0.0,0.0,0.0,0.0,0.0,0.0,0.0,0.0,0.0,0.0,0.0,0.0,0.0,0.0,0.0,0.0,0.0,0.0,0.0,0.0,0.0,0.0,0.0,0.0,0.0,0.0,0.0,0.0,0.0,0.0,0.0,0.0,0.0
5,2020-03-15,7,14,6,22.0,32.0,1.0,4,1,3.0,2,3,13,1.0,1.0,0.0,0.0,0.0,0.0,0.0,0.0,0.0,0.0,0.0,0.0,0.0,0.0,0.0,0.0,0.0,0.0,0.0,0.0,0.0,0.0,0.0,0.0,0.0,0.0,0.0,0.0,0.0,0.0,0.0,0.0,0.0,0.0,0.0,0.0,0.0,0.0,0.0,0.0
6,2020-03-16,7,14,6,23.0,32.0,1.0,4,1,3.0,3,4,13,1.0,1.0,1.0,0.0,0.0,0.0,0.0,0.0,0.0,0.0,0.0,0.0,0.0,0.0,0.0,0.0,0.0,0.0,0.0,0.0,0.0,0.0,0.0,0.0,0.0,0.0,0.0,0.0,0.0,0.0,0.0,0.0,0.0,0.0,0.0,0.0,0.0,0.0,0.0,0.0
7,2020-03-17,8,15,11,26.0,39.0,1.0,4,1,5.0,3,6,15,1.0,1.0,1.0,0.0,0.0,0.0,0.0,0.0,0.0,0.0,0.0,0.0,0.0,0.0,0.0,0.0,0.0,0.0,0.0,0.0,0.0,0.0,0.0,0.0,0.0,0.0,0.0,0.0,0.0,0.0,0.0,0.0,0.0,0.0,0.0,0.0,0.0,0.0,0.0,0.0
8,2020-03-18,10,17,11,27.0,42.0,1.0,4,1,6.0,3,8,16,1.0,1.0,1.0,1.0,1.0,0.0,0.0,0.0,0.0,0.0,0.0,0.0,0.0,0.0,0.0,0.0,0.0,0.0,0.0,0.0,0.0,0.0,0.0,0.0,0.0,0.0,0.0,0.0,0.0,0.0,0.0,0.0,0.0,0.0,0.0,0.0,0.0,0.0,0.0,0.0
9,2020-03-19,12,17,14,27.0,47.0,2.0,7,2,6.0,4,8,19,2.0,1.0,1.0,1.0,1.0,1.0,1.0,0.0,0.0,0.0,0.0,0.0,0.0,0.0,0.0,0.0,0.0,0.0,0.0,0.0,0.0,0.0,0.0,0.0,0.0,0.0,0.0,0.0,0.0,0.0,0.0,0.0,0.0,0.0,0.0,0.0,0.0,0.0,0.0,0.0
10,2020-03-20,17,17,15,28.0,52.0,2.0,17,3,17.0,4,10,23,3.0,3.0,2.0,1.0,2.0,1.0,1.0,5.0,0.0,0.0,0.0,0.0,0.0,0.0,0.0,0.0,0.0,0.0,0.0,0.0,0.0,0.0,0.0,0.0,0.0,0.0,0.0,0.0,0.0,0.0,0.0,0.0,0.0,0.0,0.0,0.0,0.0,0.0,0.0,0.0
11,2020-03-21,26,17,15,40.0,63.0,13.0,17,3,21.0,4,13,24,3.0,3.0,2.0,1.0,3.0,1.0,1.0,7.0,2.0,4.0,0.0,0.0,0.0,0.0,0.0,0.0,0.0,0.0,0.0,0.0,0.0,0.0,0.0,0.0,0.0,0.0,0.0,0.0,0.0,0.0,0.0,0.0,0.0,0.0,0.0,0.0,0.0,0.0,0.0,0.0
12,2020-03-22,29,21,26,52.0,67.0,21.0,24,7,22.0,4,13,27,5.0,3.0,2.0,1.0,4.0,1.0,5.0,18.0,2.0,4.0,2.0,0.0,0.0,0.0,0.0,0.0,0.0,0.0,0.0,0.0,0.0,0.0,0.0,0.0,0.0,0.0,0.0,0.0,0.0,0.0,0.0,0.0,0.0,0.0,0.0,0.0,0.0,0.0,0.0,0.0
13,2020-03-23,29,26,33,67.0,74.0,21.0,28,9,32.0,4,13,31,7.0,3.0,2.0,1.0,7.0,1.0,6.0,29.0,2.0,6.0,2.0,0.0,0.0,0.0,0.0,0.0,0.0,0.0,0.0,0.0,0.0,0.0,0.0,0.0,0.0,0.0,0.0,0.0,0.0,0.0,0.0,0.0,0.0,0.0,0.0,0.0,0.0,0.0,0.0,0.0
14,2020-03-24,30,28,37,95.0,89.0,29.0,32,15,35.0,4,13,33,8.0,4.0,2.0,1.0,9.0,1.0,7.0,33.0,3.0,7.0,3.0,1.0,0.0,0.0,0.0,0.0,0.0,0.0,0.0,0.0,0.0,0.0,0.0,0.0,0.0,0.0,0.0,0.0,0.0,0.0,0.0,0.0,0.0,0.0,0.0,0.0,0.0,0.0,0.0,0.0
15,2020-03-25,31,28,41,109.0,128.0,29.0,36,18,35.0,7,13,37,9.0,4.0,2.0,1.0,9.0,1.0,7.0,38.0,3.0,14.0,4.0,1.0,1.0,0.0,0.0,0.0,0.0,0.0,0.0,0.0,0.0,0.0,0.0,0.0,0.0,0.0,0.0,0.0,0.0,0.0,0.0,0.0,0.0,0.0,0.0,0.0,0.0,0.0,0.0,0.0
16,2020-03-26,36,30,55,118.0,124.0,33.0,41,26,44.0,13,13,41,11.0,5.0,2.0,1.0,10.0,6.0,7.0,43.0,3.0,20.0,6.0,1.0,1.0,1.0,3.0,0.0,0.0,0.0,0.0,0.0,0.0,0.0,0.0,0.0,0.0,0.0,0.0,0.0,0.0,0.0,0.0,0.0,0.0,0.0,0.0,0.0,0.0,0.0,0.0,0.0
17,2020-03-27,36,30,55,137.0,130.0,33.0,41,29,45.0,13,13,41,12.0,5.0,2.0,1.0,10.0,6.0,7.0,43.0,3.0,20.0,6.0,1.0,1.0,1.0,3.0,0.0,0.0,0.0,0.0,0.0,0.0,0.0,0.0,0.0,0.0,0.0,0.0,0.0,0.0,0.0,0.0,0.0,0.0,0.0,0.0,0.0,0.0,0.0,0.0,0.0
18,2020-03-28,39,33,55,176.0,180.0,38.0,54,40,56.0,20,13,55,14.0,5.0,3.0,1.0,15.0,6.0,8.0,45.0,3.0,30.0,9.0,1.0,1.0,6.0,3.0,0.0,0.0,0.0,0.0,0.0,0.0,0.0,0.0,0.0,0.0,0.0,0.0,0.0,0.0,0.0,0.0,0.0,0.0,0.0,0.0,0.0,0.0,0.0,0.0,0.0
19,2020-03-29,49,33,76,182.0,186.0,38.0,55,49,66.0,31,13,65,19.0,7.0,3.0,1.0,18.0,7.0,8.0,58.0,3.0,30.0,11.0,1.0,1.0,9.0,5.0,0.0,0.0,0.0,0.0,0.0,0.0,0.0,0.0,0.0,0.0,0.0,0.0,0.0,0.0,0.0,0.0,0.0,0.0,0.0,0.0,0.0,0.0,0.0,0.0,0.0
20,2020-03-30,87,36,83,202.0,198.0,38.0,59,67,71.0,48,13,82,23.0,7.0,3.0,1.0,22.0,7.0,8.0,69.0,3.0,47.0,15.0,1.0,1.0,9.0,5.0,0.0,0.0,0.0,0.0,0.0,0.0,0.0,0.0,0.0,0.0,0.0,0.0,0.0,0.0,0.0,0.0,0.0,0.0,0.0,0.0,0.0,0.0,0.0,0.0,0.0
21,2020-03-31,97,40,83,234.0,216.0,41.0,74,74,79.0,54,13,101,40.0,7.0,3.0,1.0,26.0,8.0,13.0,73.0,3.0,47.0,15.0,1.0,1.0,10.0,5.0,0.0,0.0,0.0,0.0,0.0,0.0,0.0,0.0,0.0,0.0,0.0,0.0,0.0,0.0,0.0,0.0,0.0,0.0,0.0,0.0,0.0,0.0,0.0,0.0,0.0
22,2020-04-01,152,43,101,241.0,302.0,42.0,93,234,96.0,62,13,103,83.0,7.0,4.0,3.0,37.0,9.0,16.0,82.0,3.0,66.0,23.0,1.0,1.0,10.0,5.0,1.0,1.0,0.0,0.0,0.0,0.0,0.0,0.0,0.0,0.0,0.0,0.0,0.0,0.0,0.0,0.0,0.0,0.0,0.0,0.0,0.0,0.0,0.0,0.0,0.0
23,2020-04-02,219,43,110,265.0,335.0,46.0,108,234,107.0,62,13,113,86.0,7.0,4.0,3.0,53.0,9.0,16.0,87.0,3.0,99.0,24.0,1.0,1.0,10.0,5.0,5.0,1.0,0.0,0.0,0.0,0.0,0.0,0.0,0.0,0.0,0.0,0.0,0.0,0.0,0.0,0.0,0.0,0.0,0.0,0.0,0.0,0.0,0.0,0.0,0.0
24,2020-04-03,219,49,124,286.0,335.0,48.0,167,309,158.0,75,14,172,132.0,10.0,5.0,5.0,63.0,9.0,18.0,95.0,6.0,104.0,29.0,2.0,1.0,10.0,6.0,16.0,2.0,1.0,0.0,0.0,0.0,0.0,0.0,0.0,0.0,0.0,0.0,0.0,0.0,0.0,0.0,0.0,0.0,0.0,0.0,0.0,0.0,0.0,0.0,0.0
25,2020-04-04,445,49,128,295.0,490.0,57.0,200,411,159.0,75,14,174,161.0,16.0,5.0,5.0,69.0,9.0,18.0,105.0,6.0,104.0,30.0,2.0,1.0,10.0,7.0,24.0,2.0,1.0,0.0,0.0,0.0,0.0,0.0,0.0,0.0,0.0,0.0,0.0,0.0,0.0,0.0,0.0,0.0,0.0,0.0,0.0,0.0,0.0,0.0,0.0
26,2020-04-05,503,59,144,306.0,490.0,57.0,200,485,269.0,106,14,227,190.0,22.0,20.0,5.0,80.0,9.0,18.0,122.0,6.0,165.0,30.0,2.0,1.0,10.0,7.0,26.0,3.0,1.0,0.0,0.0,0.0,0.0,0.0,0.0,0.0,0.0,0.0,0.0,0.0,0.0,0.0,0.0,0.0,0.0,0.0,0.0,0.0,0.0,0.0,0.0
27,2020-04-06,523,84,151,314.0,748.0,76.0,274,571,321.0,109,14,305,226.0,26.0,21.0,5.0,80.0,10.0,18.0,144.0,13.0,165.0,32.0,2.0,1.0,10.0,7.0,26.0,4.0,1.0,0.0,0.0,0.0,0.0,0.0,0.0,0.0,0.0,0.0,0.0,0.0,0.0,0.0,0.0,0.0,0.0,0.0,0.0,0.0,0.0,0.0,0.0
28,2020-04-07,576,90,175,327.0,868.0,91.0,288,621,364.0,116,14,305,266.0,31.0,42.0,5.0,91.0,10.0,18.0,165.0,13.0,229.0,32.0,2.0,1.0,10.0,7.0,26.0,4.0,1.0,1.0,0.0,0.0,0.0,0.0,0.0,0.0,0.0,0.0,0.0,0.0,0.0,0.0,0.0,0.0,0.0,0.0,0.0,0.0,0.0,0.0,0.0
29,2020-04-08,576,147,175,336.0,1018.0,91.0,328,690,427.0,116,14,343,305.0,31.0,42.0,5.0,99.0,10.0,18.0,165.0,18.0,229.0,38.0,2.0,1.0,10.0,7.0,27.0,4.0,1.0,1.0,0.0,0.0,0.0,0.0,0.0,0.0,0.0,0.0,0.0,0.0,0.0,0.0,0.0,0.0,0.0,0.0,0.0,0.0,0.0,0.0,0.0
30,2020-04-09,669,169,181,345.0,1135.0,101.0,383,738,442.0,158,14,410,348.0,35.0,42.0,5.0,103.0,10.0,18.0,179.0,18.0,259.0,39.0,2.0,1.0,11.0,7.0,28.0,13.0,1.0,1.0,0.0,0.0,0.0,0.0,0.0,0.0,0.0,0.0,0.0,0.0,0.0,0.0,0.0,0.0,0.0,0.0,0.0,0.0,0.0,0.0,0.0
31,2020-04-10,898,169,197,357.0,1364.0,132.0,463,834,473.0,184,15,431,363.0,35.0,44.0,5.0,116.0,10.0,18.0,241.0,28.0,259.0,60.0,2.0,1.0,11.0,7.0,29.0,13.0,1.0,1.0,0.0,0.0,0.0,0.0,0.0,0.0,0.0,0.0,0.0,0.0,0.0,0.0,0.0,0.0,0.0,0.0,0.0,0.0,0.0,0.0,0.0
32,2020-04-11,903,177,214,364.0,1574.0,132.0,553,911,504.0,207,15,433,381.0,35.0,48.0,7.0,126.0,18.0,18.0,308.0,28.0,443.0,60.0,2.0,1.0,11.0,7.0,29.0,17.0,1.0,2.0,0.0,0.0,0.0,0.0,0.0,0.0,0.0,0.0,0.0,0.0,0.0,0.0,0.0,0.0,0.0,0.0,0.0,0.0,0.0,0.0,0.0
33,2020-04-12,1069,185,226,374.0,1761.0,151.0,700,969,504.0,224,15,452,381.0,35.0,54.0,7.0,134.0,25.0,19.0,432.0,32.0,564.0,64.0,2.0,1.0,11.0,7.0,29.0,17.0,1.0,2.0,0.0,0.0,0.0,0.0,0.0,0.0,0.0,0.0,0.0,0.0,0.0,0.0,0.0,0.0,0.0,0.0,0.0,0.0,0.0,0.0,0.0
34,2020-04-13,1154,185,247,376.0,1985.0,167.0,812,1075,562.0,245,15,483,432.0,35.0,54.0,7.0,152.0,31.0,21.0,539.0,32.0,604.0,64.0,2.0,1.0,11.0,7.0,31.0,19.0,1.0,2.0,1.0,0.0,0.0,0.0,0.0,0.0,0.0,0.0,0.0,0.0,0.0,0.0,0.0,0.0,0.0,0.0,0.0,0.0,0.0,0.0,0.0
35,2020-04-14,1510,199,258,379.0,2337.0,176.0,879,1173,624.0,270,15,657,473.0,35.0,55.0,7.0,190.0,31.0,21.0,617.0,32.0,730.0,66.0,2.0,1.0,11.0,7.0,31.0,24.0,1.0,2.0,1.0,1.0,0.0,0.0,0.0,0.0,0.0,0.0,0.0,0.0,0.0,0.0,0.0,0.0,0.0,0.0,0.0,0.0,0.0,0.0,0.0
36,2020-04-15,1561,199,277,387.0,2687.0,186.0,1005,1204,647.0,278,17,735,503.0,37.0,60.0,7.0,213.0,33.0,21.0,695.0,33.0,987.0,70.0,2.0,1.0,11.0,7.0,33.0,27.0,1.0,2.0,0.0,7.0,0.0,0.0,0.0,0.0,0.0,0.0,0.0,0.0,0.0,0.0,0.0,0.0,0.0,0.0,0.0,0.0,0.0,0.0,0.0
37,2020-04-16,1578,205,315,388.0,2919.0,186.0,1023,1242,698.0,300,17,773,534.0,37.0,60.0,7.0,231.0,33.0,21.0,871.0,35.0,1120.0,74.0,2.0,1.0,11.0,7.0,33.0,28.0,1.0,2.0,0.0,7.0,0.0,0.0,0.0,0.0,0.0,0.0,0.0,0.0,0.0,0.0,0.0,0.0,0.0,0.0,0.0,0.0,0.0,0.0,0.0
38,2020-04-17,1640,205,353,395.0,3205.0,186.0,1131,1267,743.0,314,18,846,572.0,37.0,60.0,7.0,255.0,36.0,21.0,1021.0,35.0,1308.0,83.0,2.0,1.0,11.0,7.0,35.0,29.0,1.0,2.0,0.0,9.0,0.0,0.0,0.0,0.0,0.0,0.0,0.0,0.0,0.0,0.0,0.0,0.0,0.0,0.0,0.0,0.0,0.0,0.0,0.0
39,2020-04-18,1707,225,371,396.0,3323.0,202.0,1229,1323,791.0,328,18,969,603.0,42.0,60.0,7.0,287.0,36.0,21.0,1272.0,38.0,1355.0,85.0,2.0,1.0,12.0,7.0,35.0,33.0,1.0,2.0,0.0,11.0,0.0,0.0,0.0,0.0,0.0,0.0,0.0,0.0,0.0,0.0,0.0,0.0,0.0,0.0,0.0,0.0,0.0,0.0,0.0
40,2020-04-19,1893,233,384,400.0,3651.0,219.0,1351,1372,844.0,341,18,1084,603.0,42.0,61.0,7.0,310.0,36.0,23.0,1604.0,39.0,1407.0,86.0,2.0,1.0,14.0,7.0,35.0,35.0,1.0,2.0,0.0,11.0,0.0,0.0,0.0,0.0,0.0,0.0,0.0,0.0,0.0,0.0,0.0,0.0,0.0,0.0,0.0,0.0,0.0,0.0,0.0
41,2020-04-20,2003,233,395,402.0,4203.0,219.0,1478,1477,873.0,350,18,1176,722.0,44.0,68.0,7.0,339.0,36.0,26.0,1851.0,39.0,1485.0,96.0,2.0,1.0,15.0,7.0,35.0,42.0,1.0,2.0,0.0,11.0,0.0,0.0,0.0,0.0,0.0,0.0,0.0,0.0,0.0,0.0,0.0,0.0,0.0,0.0,0.0,0.0,0.0,0.0,0.0
42,2020-04-21,2081,254,415,408.0,4669.0,245.0,1576,1520,919.0,368,18,1294,757.0,46.0,74.0,7.0,392.0,36.0,26.0,2066.0,39.0,1540.0,114.0,2.0,1.0,16.0,7.0,35.0,46.0,1.0,2.0,0.0,11.0,0.0,0.0,0.0,0.0,0.0,0.0,0.0,0.0,0.0,0.0,0.0,0.0,0.0,0.0,0.0,0.0,0.0,0.0,0.0
43,2020-04-22,2156,254,425,427.0,5221.0,251.0,1801,1596,945.0,380,18,1412,813.0,46.0,82.0,7.0,423.0,36.0,27.0,2272.0,39.0,1592.0,126.0,2.0,1.0,17.0,7.0,35.0,0.0,1.0,2.0,0.0,12.0,0.0,45.0,0.0,0.0,0.0,0.0,0.0,0.0,0.0,0.0,0.0,0.0,0.0,0.0,0.0,0.0,0.0,0.0,0.0
44,2020-04-23,2248,262,443,438.0,5652.0,277.0,1890,1629,960.0,407,18,1509,895.0,46.0,83.0,7.0,456.0,36.0,27.0,2407.0,40.0,1695.0,148.0,2.0,1.0,18.0,7.0,35.0,49.0,1.0,2.0,0.0,12.0,0.0,0.0,0.0,0.0,0.0,0.0,0.0,0.0,0.0,0.0,0.0,0.0,0.0,0.0,0.0,0.0,0.0,0.0,0.0
45,2020-04-24,2376,272,463,448.0,6430.0,277.0,1964,1683,984.0,427,18,1604,955.0,47.0,90.0,7.0,514.0,36.0,27.0,2624.0,40.0,1852.0,176.0,2.0,1.0,22.0,7.0,36.0,55.0,1.0,2.0,0.0,12.0,0.0,0.0,0.0,0.0,0.0,0.0,0.0,0.0,0.0,0.0,0.0,0.0,0.0,0.0,0.0,0.0,0.0,0.0,0.0
46,2020-04-25,2514,272,489,451.0,6817.0,298.0,2034,1755,984.0,454,20,1778,1061.0,48.0,94.0,7.0,571.0,36.0,28.0,2815.0,40.0,1952.0,228.0,2.0,1.0,27.0,7.0,36.0,59.0,1.0,2.0,0.0,12.0,0.0,0.0,0.0,0.0,0.0,0.0,0.0,0.0,0.0,0.0,0.0,0.0,0.0,0.0,0.0,0.0,0.0,0.0,0.0
47,2020-04-26,2625,289,501,458.0,7628.0,298.0,2083,1821,991.0,494,20,1843,1097.0,50.0,103.0,7.0,611.0,37.0,30.0,3071.0,40.0,2096.0,251.0,2.0,1.0,33.0,7.0,36.0,67.0,1.0,2.0,0.0,12.0,0.0,0.0,0.0,0.0,0.0,0.0,0.0,0.0,0.0,0.0,0.0,0.0,0.0,0.0,0.0,0.0,0.0,0.0,0.0
48,2020-04-27,2918,289,511,469.0,8068.0,313.0,2185,1885,1002.0,523,20,1955,1177.0,51.0,108.0,8.0,649.0,37.0,30.0,3301.0,40.0,2168.0,277.0,2.0,1.0,33.0,7.0,36.0,82.0,1.0,2.0,0.0,12.0,0.0,0.0,0.0,0.0,0.0,0.0,0.0,0.0,0.0,0.0,0.0,0.0,0.0,0.0,0.0,0.0,0.0,0.0,0.0
49,2020-04-28,3108,296,520,482.0,8590.0,313.0,2262,1937,1004.0,546,22,2043,1259.0,51.0,118.0,8.0,697.0,37.0,40.0,3548.0,40.0,2368.0,346.0,2.0,1.0,33.0,7.0,38.0,103.0,1.0,2.0,0.0,12.0,0.0,0.0,0.0,0.0,0.0,0.0,0.0,0.0,0.0,0.0,0.0,0.0,0.0,0.0,0.0,0.0,0.0,0.0,0.0
50,2020-04-29,3314,310,532,486.0,9318.0,322.0,2364,2058,1012.0,565,22,2115,1332.0,54.0,119.0,8.0,725.0,38.0,56.0,3774.0,40.0,0.0,383.0,2.0,1.0,33.0,7.0,38.0,105.0,1.0,2.0,0.0,12.0,0.0,0.0,2561.0,0.0,0.0,0.0,0.0,0.0,0.0,0.0,0.0,0.0,0.0,0.0,0.0,0.0,0.0,0.0,0.0
51,2020-04-30,3439,310,557,496.0,9915.0,357.0,2438,2162,1012.0,581,22,2203,1403.0,55.0,128.0,8.0,758.0,38.0,56.0,4082.0,40.0,2660.0,403.0,2.0,1.0,33.0,7.0,42.0,107.0,1.0,2.0,0.0,12.0,0.0,0.0,0.0,0.0,0.0,0.0,0.0,0.0,0.0,0.0,0.0,0.0,0.0,0.0,0.0,0.0,0.0,0.0,0.0
52,2020-05-01,3515,313,576,497.0,10498.0,357.0,2584,2323,1039.0,614,22,2281,1463.0,57.0,143.0,8.0,795.0,40.0,56.0,4395.0,40.0,2719.0,426.0,2.0,1.0,33.0,7.0,42.0,111.0,1.0,2.0,0.0,12.0,0.0,0.0,0.0,0.0,0.0,0.0,0.0,0.0,0.0,0.0,0.0,0.0,0.0,0.0,0.0,0.0,0.0,0.0,0.0
53,2020-05-02,3738,360,598,498.0,11506.0,772.0,2666,2526,1057.0,639,22,2455,1525.0,58.0,154.0,8.0,795.0,43.0,88.0,4721.0,40.0,2719.0,471.0,2.0,1.0,33.0,7.0,43.0,111.0,1.0,2.0,0.0,12.0,0.0,0.0,0.0,0.0,0.0,0.0,0.0,0.0,0.0,0.0,0.0,0.0,0.0,0.0,0.0,0.0,0.0,0.0,0.0
54,2020-05-03,4122,394,606,500.0,12296.0,772.0,2772,2757,1063.0,666,40,2626,1583.0,59.0,160.0,8.0,922.0,43.0,94.0,5055.0,40.0,2846.0,482.0,2.0,1.0,33.0,7.0,43.0,115.0,1.0,4.0,0.0,12.0,0.0,0.0,0.0,0.0,0.0,0.0,0.0,0.0,0.0,0.0,0.0,0.0,0.0,0.0,0.0,0.0,0.0,0.0,0.0
55,2020-05-04,4549,442,642,500.0,12974.0,1102.0,2886,3023,1082.0,701,41,2742,1650.0,60.0,163.0,8.0,963.0,57.0,94.0,5428.0,40.0,2942.0,517.0,2.0,1.0,33.0,7.0,43.0,115.0,1.0,16.0,0.0,12.0,0.0,0.0,0.0,0.0,0.0,0.0,0.0,0.0,0.0,0.0,0.0,0.0,0.0,0.0,0.0,0.0,0.0,0.0,0.0
56,2020-05-05,4898,517,659,500.0,14541.0,1233.0,3061,3550,1085.0,726,41,2859,1717.0,60.0,170.0,9.0,1259.0,58.0,102.0,5804.0,41.0,3049.0,529.0,2.0,1.0,33.0,7.0,43.0,115.0,1.0,29.0,0.0,12.0,0.0,0.0,0.0,0.0,0.0,0.0,0.0,0.0,0.0,0.0,0.0,0.0,0.0,0.0,0.0,0.0,0.0,0.0,0.0
57,2020-05-06,5104,548,671,502.0,15525.0,1451.0,3158,4058,1096.0,741,41,2880,1717.0,61.0,175.0,9.0,1344.0,59.0,111.0,6245.0,42.0,3049.0,536.0,2.0,1.0,33.0,7.0,43.0,125.0,1.0,43.0,0.0,12.0,0.0,0.0,0.0,1.0,0.0,0.0,0.0,0.0,0.0,0.0,0.0,0.0,0.0,0.0,0.0,0.0,0.0,0.0,0.0
58,2020-05-07,5532,594,693,503.0,16758.0,1516.0,3317,4829,1107.0,775,41,2998,1777.0,61.0,185.0,9.0,1456.0,59.0,120.0,6625.0,45.0,3138.0,542.0,2.0,1.0,33.0,7.0,45.0,127.0,1.0,43.0,0.0,12.0,0.0,0.0,0.0,1.0,0.0,0.0,0.0,0.0,0.0,0.0,0.0,0.0,0.0,0.0,0.0,0.0,0.0,0.0,0.0
59,2020-05-08,5980,625,705,503.0,17974.0,1644.0,3427,5409,1123.0,793,42,3071,1847.0,61.0,219.0,9.0,1548.0,59.0,135.0,7012.0,46.0,3252.0,550.0,2.0,1.0,33.0,7.0,54.0,132.0,1.0,65.0,0.0,12.0,0.0,0.0,0.0,1.0,0.0,0.0,0.0,0.0,0.0,0.0,0.0,0.0,0.0,0.0,0.0,0.0,0.0,0.0,0.0
60,2020-05-09,6318,647,753,503.0,19063.0,1731.0,3579,6009,1133.0,823,42,3214,1887.0,63.0,271.0,9.0,1678.0,59.0,150.0,7402.0,50.0,3341.0,571.0,2.0,1.0,33.0,7.0,59.0,132.0,1.0,118.0,0.0,12.0,0.0,0.0,0.0,1.0,0.0,0.0,0.0,0.0,0.0,0.0,0.0,0.0,0.0,0.0,0.0,0.0,0.0,0.0,0.0
61,2020-05-10,6542,675,794,505.0,20228.0,1762.0,3708,6535,1163.0,836,42,3373,1930.0,67.0,294.0,9.0,1786.0,59.0,169.0,7796.0,50.0,3614.0,591.0,2.0,1.0,33.0,7.0,63.0,156.0,1.0,134.0,0.0,13.0,0.0,0.0,0.0,1.0,0.0,0.0,0.0,0.0,0.0,0.0,0.0,0.0,0.0,0.0,0.0,0.0,0.0,0.0,0.0
62,2020-05-11,6923,703,848,512.0,22171.0,1823.0,3814,7204,1196.0,861,42,3467,1980.0,68.0,377.0,9.0,1939.0,59.0,169.0,8194.0,55.0,3614.0,696.0,2.0,1.0,33.0,7.0,63.0,157.0,1.0,150.0,0.0,13.0,0.0,0.0,0.0,1.0,0.0,0.0,0.0,0.0,0.0,0.0,0.0,0.0,0.0,0.0,0.0,0.0,0.0,0.0,0.0
63,2020-05-12,7233,730,862,519.0,23401.0,1877.0,3988,8002,1275.0,879,42,3573,2018.0,68.0,414.0,12.0,2063.0,59.0,174.0,8541.0,59.0,3785.0,747.0,2.0,1.0,33.0,7.0,65.0,160.0,1.0,152.0,0.0,13.0,0.0,0.0,0.0,1.0,0.0,0.0,0.0,0.0,0.0,0.0,0.0,0.0,0.0,0.0,0.0,0.0,0.0,0.0,0.0
64,2020-05-13,7639,780,925,524.0,24427.0,1914.0,4126,8718,1326.0,934,42,3664,2090.0,69.0,437.0,13.0,2173.0,59.0,187.0,8903.0,65.0,3986.0,831.0,2.0,1.0,33.0,7.0,65.0,172.0,1.0,154.0,0.0,13.0,0.0,0.0,0.0,1.0,0.0,0.0,0.0,0.0,0.0,0.0,0.0,0.0,0.0,0.0,0.0,0.0,0.0,0.0,0.0
65,2020-05-14,7998,793,959,534.0,25922.0,1924.0,4328,9227,1367.0,971,43,3729,2137.0,72.0,538.0,13.0,2290.0,59.0,187.0,9267.0,66.0,4173.0,940.0,2.0,1.0,33.0,7.0,80.0,173.0,1.0,155.0,0.0,13.0,0.0,0.0,0.0,1.0,0.0,0.0,0.0,0.0,0.0,0.0,0.0,0.0,0.0,0.0,0.0,0.0,0.0,0.0,0.0
66,2020-05-15,8470,818,987,560.0,27524.0,1935.0,4534,9674,1414.0,983,43,3902,2205.0,78.0,611.0,13.0,2377.0,60.0,191.0,9591.0,74.0,4426.0,994.0,3.0,1.0,33.0,14.0,87.0,197.0,1.0,156.0,0.0,13.0,0.0,0.0,0.0,1.0,0.0,0.0,0.0,0.0,0.0,0.0,0.0,0.0,0.0,0.0,0.0,0.0,0.0,0.0,0.0
67,2020-05-16,8895,818,1056,576.0,29100.0,1935.0,4727,10108,1454.0,1013,43,4057,2307.0,82.0,672.0,13.0,2461.0,66.0,191.0,9931.0,76.0,4595.0,1018.0,3.0,1.0,33.0,15.0,90.0,203.0,1.0,156.0,0.0,13.0,0.0,0.0,0.0,1.0,0.0,0.0,0.0,0.0,0.0,0.0,0.0,0.0,0.0,0.0,0.0,0.0,0.0,0.0,0.0
68,2020-05-17,9333,887,1092,587.0,30706.0,1946.0,4960,10585,1509.0,1121,43,4258,2355.0,88.0,737.0,13.0,2576.0,67.0,191.0,10988.0,78.0,4789.0,1179.0,7.0,1.0,33.0,17.0,92.0,217.0,1.0,167.0,0.0,13.0,0.0,0.0,0.0,1.0,0.0,0.0,0.0,0.0,0.0,0.0,0.0,0.0,0.0,0.0,0.0,0.0,0.0,0.0,0.0
69,2020-05-18,10054,910,1147,601.0,33053.0,1964.0,5202,11224,1551.0,1183,43,4259,2407.0,92.0,828.0,13.0,2677.0,86.0,191.0,11379.0,80.0,4977.0,1262.0,7.0,1.0,33.0,29.0,101.0,223.0,1.0,167.0,0.0,13.0,0.0,0.0,0.0,1.0,0.0,0.0,0.0,0.0,0.0,0.0,0.0,0.0,0.0,0.0,0.0,0.0,0.0,0.0,0.0
70,2020-05-19,10054,928,1246,630.0,35058.0,1980.0,5507,11760,1597.0,1289,43,4605,2474.0,93.0,876.0,18.0,2825.0,93.0,196.0,11745.0,90.0,5236.0,1391.0,7.0,1.0,33.0,38.0,107.0,223.0,1.0,167.0,0.0,13.0,0.0,0.0,0.0,1.0,0.0,0.0,0.0,0.0,0.0,0.0,0.0,0.0,0.0,0.0,0.0,0.0,0.0,0.0,0.0
71,2020-05-20,10554,964,1397,642.0,37136.0,2002.0,5845,12448,1634.0,1317,43,4926,2532.0,111.0,978.0,18.0,2961.0,101.0,200.0,12140.0,92.0,5465.0,1498.0,9.0,1.0,33.0,46.0,142.0,231.0,1.0,173.0,0.0,13.0,0.0,0.0,0.0,1.0,0.0,0.0,0.0,0.0,0.0,0.0,0.0,0.0,0.0,0.0,0.0,0.0,0.0,0.0,0.0
72,2020-05-21,11088,993,1462,666.0,39297.0,2005.0,6015,13191,1661.0,1390,44,5175,2602.0,122.0,1052.0,18.0,3103.0,115.0,202.0,12537.0,110.0,5735.0,1674.0,25.0,1.0,33.0,50.0,170.0,231.0,1.0,173.0,0.0,14.0,0.0,0.0,0.0,1.0,0.0,0.0,0.0,0.0,0.0,0.0,0.0,0.0,0.0,0.0,0.0,0.0,0.0,0.0,0.0
73,2020-05-22,11659,1031,1605,690.0,41642.0,2028.0,6227,13967,1699.0,1449,44,5515,2647.0,146.0,1103.0,20.0,3197.0,128.0,217.0,12905.0,152.0,5981.0,1982.0,25.0,1.0,33.0,52.0,203.0,290.0,1.0,173.0,0.0,14.0,0.0,0.0,0.0,1.0,0.0,0.0,0.0,0.0,0.0,0.0,0.0,0.0,0.0,0.0,0.0,0.0,0.0,0.0,0.0
74,2020-05-23,12319,1067,1743,732.0,44582.0,2029.0,6494,14753,1761.0,1489,44,5735,2709.0,153.0,1189.0,26.0,3332.0,172.0,218.0,13268.0,168.0,6170.0,2177.0,26.0,1.0,33.0,54.0,259.0,308.0,1.0,175.0,0.0,14.0,0.0,0.0,0.0,1.0,0.0,0.0,0.0,0.0,0.0,0.0,0.0,0.0,0.0,0.0,0.0,0.0,0.0,0.0,0.0
75,2020-05-24,12910,1131,1959,795.0,47190.0,2045.0,6742,15512,1813.0,1569,49,6017,2757.0,244.0,1269.0,26.0,3459.0,214.0,225.0,13664.0,185.0,6371.0,2380.0,29.0,1.0,33.0,55.0,329.0,350.0,1.0,189.0,0.0,14.0,0.0,0.0,0.0,2.0,1.0,0.0,0.0,0.0,0.0,0.0,0.0,0.0,0.0,0.0,0.0,0.0,0.0,0.0,0.0
76,2020-05-25,13418,1184,2089,847.0,50231.0,2060.0,7028,16277,1854.0,1621,52,6268,2823.0,317.0,1336.0,41.0,3667.0,252.0,238.0,14056.0,203.0,6665.0,2587.0,32.0,1.0,33.0,66.0,378.0,370.0,1.0,191.0,0.0,14.0,0.0,0.0,0.0,2.0,1.0,0.0,0.0,0.0,0.0,0.0,0.0,0.0,0.0,0.0,0.0,0.0,0.0,0.0,0.0
77,2020-05-26,14053,1184,2182,896.0,52667.0,2060.0,7300,17082,1920.0,1668,52,6532,3110.0,349.0,1438.0,41.0,3816.0,291.0,238.0,14460.0,223.0,6859.0,2730.0,39.0,1.0,33.0,67.0,526.0,377.0,2.0,194.0,3.0,14.0,0.0,0.0,0.0,2.0,1.0,0.0,0.0,0.0,0.0,0.0,0.0,0.0,0.0,0.0,0.0,0.0,0.0,0.0,0.0
78,2020-05-27,14465,1305,2283,963.0,54758.0,2106.0,7536,17728,1991.0,1759,53,6548,3171.0,401.0,1517.0,46.0,4009.0,361.0,266.0,14821.0,247.0,7024.0,2983.0,39.0,1.0,33.0,67.0,616.0,426.0,2.0,207.0,4.0,15.0,0.0,0.0,0.0,2.0,1.0,0.0,0.0,0.0,0.0,0.0,0.0,0.0,0.0,0.0,0.0,0.0,0.0,0.0,0.0
79,2020-05-28,15257,1381,2418,1004.0,56948.0,2139.0,7703,18545,2098.0,1921,53,6991,3171.0,469.0,1593.0,46.0,4192.0,369.0,279.0,15195.0,273.0,7261.0,3061.0,44.0,1.0,33.0,68.0,781.0,448.0,2.0,230.0,4.0,20.0,0.0,0.0,0.0,2.0,1.0,0.0,0.0,0.0,0.0,0.0,0.0,0.0,0.0,0.0,0.0,0.0,0.0,0.0,0.0
80,2020-05-29,16281,1504,2533,1088.0,59546.0,2158.0,8067,19372,2256.0,2036,73,7170,3251.0,500.0,1660.0,51.0,4536.0,399.0,288.0,15562.0,276.0,7453.0,3296.0,55.0,1.0,33.0,69.0,856.0,469.0,3.0,242.0,18.0,21.0,0.0,0.0,0.0,2.0,1.0,0.0,0.0,0.0,0.0,0.0,0.0,0.0,0.0,0.0,0.0,0.0,0.0,0.0,0.0
81,2020-05-30,17386,1721,2781,1150.0,62228.0,2197.0,8365,20246,2425.0,2164,74,7284,3436.0,716.0,1723.0,51.0,4813.0,415.0,289.0,15934.0,295.0,7645.0,3376.0,59.0,1.0,33.0,69.0,1024.0,511.0,3.0,251.0,25.0,27.0,0.0,0.0,0.0,2.0,1.0,0.0,0.0,0.0,0.0,0.0,0.0,0.0,0.0,0.0,0.0,0.0,0.0,0.0,0.0
82,2020-05-31,18549,1923,2922,1208.0,65168.0,2233.0,8617,21184,2499.0,2341,74,7445,3569.0,749.0,1819.0,51.0,5130.0,447.0,289.0,16343.0,313.0,7891.0,3636.0,62.0,1.0,33.0,70.0,1185.0,563.0,4.0,268.0,36.0,27.0,0.0,0.0,0.0,2.0,1.0,0.0,0.0,0.0,0.0,0.0,0.0,0.0,0.0,0.0,0.0,0.0,0.0,0.0,0.0
83,2020-06-01,19844,2091,3221,1269.0,67655.0,2263.0,8831,22333,2698.0,2446,74,7823,3679.0,907.0,1948.0,70.0,5501.0,498.0,293.0,16779.0,331.0,8089.0,3815.0,71.0,1.0,33.0,70.0,1272.0,610.0,4.0,313.0,43.0,27.0,0.0,0.0,0.0,2.0,1.0,0.0,0.0,0.0,0.0,0.0,0.0,0.0,0.0,0.0,0.0,0.0,0.0,0.0,0.0
84,2020-06-02,20834,2356,3408,1326.0,70013.0,2301.0,8980,23495,2792.0,2601,77,8075,3783.0,958.0,2104.0,74.0,5772.0,547.0,294.0,17200.0,340.0,8283.0,3926.0,83.0,1.0,33.0,71.0,1390.0,659.0,22.0,420.0,43.0,27.0,0.0,0.0,0.0,3.0,1.0,0.0,0.0,0.0,0.0,0.0,0.0,0.0,0.0,0.0,0.0,0.0,0.0,0.0,0.0
85,2020-06-03,22132,2652,3796,1412.0,72300.0,2342.0,9373,24586,2891.0,2718,81,8361,3898.0,1043.0,2245.0,82.0,6168.0,564.0,301.0,17617.0,345.0,8420.0,4155.0,89.0,13.0,33.0,79.0,1513.0,712.0,22.0,468.0,49.0,27.0,0.0,0.0,0.0,4.0,1.0,0.0,0.0,0.0,0.0,0.0,0.0,0.0,0.0,0.0,0.0,0.0,0.0,0.0,0.0
86,2020-06-04,23645,2954,4063,1494.0,74860.0,2376.0,9652,25872,3020.0,2857,90,8729,4080.0,1085.0,2388.0,82.0,6508.0,668.0,301.0,18100.0,359.0,8588.0,4390.0,118.0,14.0,33.0,79.0,1672.0,752.0,38.0,468.0,58.0,33.0,0.0,0.0,0.0,8.0,2.0,0.0,0.0,0.0,0.0,0.0,0.0,0.0,0.0,0.0,0.0,0.0,0.0,0.0,0.0
87,2020-06-05,25004,3281,4320,1588.0,77793.0,2415.0,9862,27256,3147.0,3142,90,9237,4223.0,1153.0,2478.0,82.0,6876.0,756.0,301.0,18584.0,383.0,8762.0,4493.0,124.0,17.0,33.0,166.0,1988.0,793.0,42.0,644.0,80.0,33.0,0.0,0.0,0.0,12.0,2.0,0.0,0.0,0.0,0.0,0.0,0.0,0.0,0.0,0.0,0.0,0.0,0.0,0.0,0.0
88,2020-06-06,26334,3597,4835,1699.0,80229.0,2461.0,10084,28694,3290.0,3324,97,9733,4303.0,1215.0,2608.0,99.0,7303.0,879.0,304.0,19094.0,393.0,8996.0,4596.0,132.0,22.0,33.0,196.0,2153.0,881.0,45.0,692.0,94.0,33.0,0.0,0.0,0.0,14.0,3.0,0.0,0.0,0.0,0.0,0.0,0.0,0.0,0.0,0.0,0.0,0.0,0.0,0.0,0.0
89,2020-06-07,27654,3952,5213,1807.0,82968.0,2515.0,10331,30152,3496.0,3467,99,9733,4510.0,1303.0,2781.0,99.0,7738.0,923.0,309.0,19592.0,400.0,9228.0,4915.0,157.0,24.0,33.0,267.0,2397.0,1000.0,47.0,747.0,107.0,33.0,0.0,0.0,0.0,19.0,7.0,0.0,0.0,0.0,0.0,0.0,0.0,0.0,0.0,0.0,0.0,0.0,0.0,0.0,0.0
90,2020-06-08,28936,4448,5452,1914.0,85975.0,2608.0,10599,31667,3650.0,4087,103,10536,4708.0,1355.0,2856.0,99.0,8187.0,1073.0,314.0,20070.0,413.0,9401.0,5088.0,172.0,34.0,33.0,300.0,2565.0,1099.0,51.0,800.0,118.0,36.0,0.0,0.0,0.0,20.0,7.0,0.0,0.0,0.0,0.0,0.0,0.0,0.0,0.0,0.0,0.0,0.0,0.0,0.0,0.0
91,2020-06-09,29943,4854,5760,2005.0,88528.0,2663.0,10763,33229,3742.0,4285,103,10947,4851.0,1411.0,2994.0,127.0,8613.0,1160.0,317.0,20545.0,421.0,9638.0,5202.0,272.0,42.0,33.0,330.0,2776.0,1256.0,51.0,838.0,123.0,36.0,0.0,0.0,0.0,22.0,7.0,0.0,0.0,0.0,0.0,0.0,0.0,0.0,0.0,0.0,0.0,0.0,0.0,0.0,0.0
92,2020-06-10,31309,5209,5921,2096.0,90787.0,2719.0,11245,34914,3920.0,4346,108,11335,5070.0,1537.0,3140.0,127.0,8985.0,1240.0,323.0,21014.0,445.0,9849.0,5459.0,304.0,88.0,33.0,359.0,2937.0,1411.0,57.0,864.0,127.0,43.0,0.0,0.0,0.0,22.0,13.0,0.0,0.0,0.0,0.0,0.0,0.0,0.0,0.0,0.0,0.0,0.0,0.0,0.0,0.0
93,2020-06-11,32810,5579,6041,2161.0,94041.0,2805.0,11600,36841,0.0,4507,115,11610,5269.0,1562.0,3250.0,127.0,9328.0,1262.0,327.0,21521.0,451.0,10049.0,5710.0,311.0,93.0,34.0,387.0,3092.0,1489.0,57.0,895.0,128.0,44.0,0.0,0.0,0.0,0.0,13.0,28.0,4111.0,0.0,0.0,0.0,0.0,0.0,0.0,0.0,0.0,0.0,0.0,0.0,0.0
94,2020-06-12,34687,5968,6245,2244.0,97648.0,2887.0,11838,38716,0.0,4574,135,12088,5429.0,1643.0,3386.0,157.0,9768.0,1398.0,332.0,22032.0,470.0,10241.0,5983.0,366.0,102.0,38.0,417.0,3319.0,1599.0,61.0,913.0,128.0,44.0,0.0,0.0,0.0,0.0,14.0,30.0,4320.0,0.0,0.0,0.0,0.0,0.0,0.0,0.0,0.0,0.0,0.0,0.0,0.0
95,2020-06-13,36824,6334,6516,2322.0,101141.0,2986.0,12068,40698,0.0,4730,239,12616,5680.0,1724.0,3498.0,157.0,10244.0,1429.0,334.0,22527.0,486.0,10443.0,6103.0,385.0,104.0,38.0,463.0,3498.0,1617.0,67.0,961.0,156.0,44.0,0.0,0.0,0.0,0.0,63.0,30.0,4484.0,0.0,0.0,0.0,0.0,0.0,0.0,0.0,0.0,0.0,0.0,0.0,0.0
96,2020-06-14,38958,6749,6824,2407.0,104568.0,3063.0,12401,42687,0.0,4878,437,13118,5965.0,1785.0,3723.0,176.0,10698.0,1512.0,345.0,23038.0,502.0,10641.0,6290.0,449.0,107.0,38.0,523.0,3718.0,1711.0,87.0,1046.0,163.0,44.0,0.0,0.0,0.0,0.0,63.0,35.0,4737.0,0.0,0.0,0.0,0.0,0.0,0.0,0.0,0.0,0.0,0.0,0.0,0.0
97,2020-06-15,41182,7208,7000,2461.0,107958.0,3140.0,12694,44661,0.0,5041,549,13615,6163.0,1819.0,3909.0,194.0,11087.0,1662.0,352.0,23544.0,518.0,10802.0,6470.0,458.0,112.0,38.0,564.0,4049.0,1745.0,91.0,1076.0,168.0,44.0,0.0,0.0,0.0,0.0,68.0,36.0,4974.0,0.0,0.0,0.0,0.0,0.0,0.0,0.0,0.0,0.0,0.0,0.0,0.0
98,2020-06-16,42829,7722,7213,2543.0,110744.0,3267.0,12981,46504,0.0,5220,555,13615,6456.0,1845.0,4055.0,202.0,11494.0,1756.0,354.0,24055.0,556.0,10935.0,6650.0,490.0,117.0,41.0,592.0,4158.0,1763.0,91.0,1086.0,177.0,44.0,0.0,0.0,0.0,0.0,68.0,36.0,5193.0,0.0,0.0,0.0,0.0,0.0,0.0,0.0,0.0,0.0,0.0,0.0,0.0
99,2020-06-17,44688,8272,7530,2622.0,113445.0,3371.0,13216,48019,0.0,5298,649,14091,6841.0,1942.0,4163.0,216.0,11909.0,1781.0,358.0,24577.0,560.0,11083.0,6778.0,500.0,121.0,44.0,629.0,4319.0,1839.0,95.0,1092.0,179.0,44.0,0.0,0.0,0.0,0.0,70.0,45.0,5406.0,0.0,0.0,0.0,0.0,0.0,0.0,0.0,0.0,0.0,0.0,0.0,0.0
100,2020-06-18,47102,8832,7734,2697.0,116752.0,3497.0,13542,50193,0.0,5406,687,14598,7071.0,2023.0,4338.0,245.0,12300.0,1864.0,368.0,25093.0,569.0,11244.0,6942.0,552.0,121.0,44.0,656.0,4605.0,1895.0,99.0,1135.0,193.0,44.0,0.0,0.0,0.0,0.0,70.0,57.0,5675.0,0.0,0.0,0.0,0.0,0.0,0.0,0.0,0.0,0.0,0.0,0.0,0.0
101,2020-06-19,49979,9218,7944,2794.0,120504.0,3615.0,13857,52334,0.0,5555,687,15181,7518.0,2102.0,4512.0,271.0,12735.0,1946.0,374.0,25601.0,595.0,11426.0,7025.0,606.0,130.0,44.0,705.0,4777.0,1920.0,103.0,1155.0,193.0,44.0,0.0,0.0,0.0,0.0,70.0,58.0,6027.0,0.0,0.0,0.0,0.0,0.0,0.0,0.0,0.0,0.0,0.0,0.0,0.0
102,2020-06-20,53116,9743,8281,2912.0,124331.0,3832.0,14156,54449,0.0,5680,744,15785,7961.0,2177.0,4677.0,286.0,13090.0,2028.0,381.0,26141.0,619.0,11582.0,7181.0,681.0,130.0,45.0,725.0,4904.0,1965.0,103.0,1178.0,198.0,44.0,0.0,0.0,0.0,0.0,70.0,62.0,6526.0,0.0,0.0,0.0,0.0,0.0,0.0,0.0,0.0,0.0,0.0,0.0,0.0
103,2020-06-21,56746,10223,8697,3039.0,128205.0,3952.0,14536,56845,0.0,5834,836,16594,8452.0,2301.0,4856.0,286.0,13531.0,2041.0,404.0,26680.0,656.0,11724.0,7533.0,777.0,140.0,47.0,754.0,4904.0,1965.0,135.0,1186.0,201.0,44.0,0.0,0.0,0.0,0.0,70.0,68.0,7072.0,0.0,0.0,0.0,0.0,0.0,0.0,0.0,0.0,0.0,0.0,0.0,0.0
104,2020-06-22,59746,10635,9150,3172.0,132075.0,4074.0,14930,59377,0.0,5956,837,17731,8999.0,2344.0,5160.0,366.0,13945.0,2275.0,406.0,27260.0,673.0,11903.0,7612.0,841.0,141.0,48.0,754.0,5388.0,2073.0,135.0,1221.0,211.0,44.0,0.0,0.0,0.0,0.0,78.0,88.0,7802.0,0.0,0.0,0.0,0.0,0.0,0.0,0.0,0.0,0.0,0.0,0.0,0.0
105,2020-06-23,62655,11025,9399,3310.0,135796.0,4235.0,15232,62087,0.0,6088,847,18322,9372.0,2402.0,5303.0,383.0,14358.0,2303.0,411.0,27825.0,727.0,12078.0,7825.0,898.0,141.0,48.0,864.0,5586.0,2137.0,139.0,1237.0,280.0,44.0,0.0,0.0,0.0,0.0,78.0,91.0,8674.0,0.0,0.0,0.0,0.0,0.0,0.0,0.0,0.0,0.0,0.0,0.0,0.0
106,2020-06-24,66602,11520,9721,3451.0,139010.0,4397.0,15627,64603,0.0,6236,932,18893,10002.0,2535.0,5470.0,402.0,14728.0,2362.0,418.0,28371.0,775.0,12261.0,8153.0,921.0,142.0,50.0,909.0,5831.0,2185.0,148.0,1259.0,330.0,46.0,0.0,0.0,0.0,0.0,79.0,120.0,9553.0,0.0,0.0,0.0,0.0,0.0,0.0,0.0,0.0,0.0,0.0,0.0,0.0
107,2020-06-25,70390,12010,10118,3603.0,142900.0,4627.0,16009,67468,0.0,6422,941,19557,10331.0,2623.0,5752.0,461.0,15173.0,2419.0,420.0,28943.0,806.0,12448.0,8209.0,970.0,142.0,56.0,951.0,6198.0,2207.0,158.0,1259.0,347.0,46.0,0.0,0.0,0.0,0.0,84.0,120.0,10444.0,0.0,0.0,0.0,0.0,0.0,0.0,0.0,0.0,0.0,0.0,0.0,0.0
108,2020-06-26,73780,12463,10560,3726.0,147741.0,4769.0,16296,70977,0.0,6549,941,20193,10884.0,2691.0,5962.0,502.0,15648.0,2452.0,423.0,29520.0,839.0,12596.0,8473.0,1056.0,145.0,59.0,995.0,6321.0,2262.0,160.0,1290.0,355.0,46.0,0.0,0.0,0.0,0.0,85.0,155.0,11364.0,0.0,0.0,0.0,0.0,0.0,0.0,0.0,0.0,0.0,0.0,0.0,0.0
109,2020-06-27,77240,12884,11005,3876.0,152765.0,4957.0,16660,74622,0.0,6762,946,20943,11489.0,2725.0,6180.0,502.0,16190.0,2545.0,425.0,30095.0,864.0,12798.0,8716.0,1075.0,145.0,72.0,1039.0,6607.0,2290.0,172.0,1325.0,371.0,47.0,0.0,0.0,0.0,0.0,86.0,163.0,12349.0,0.0,0.0,0.0,0.0,0.0,0.0,0.0,0.0,0.0,0.0,0.0,0.0
110,2020-06-28,80188,13427,11923,4071.0,159133.0,5056.0,16944,78335,0.0,6966,960,21549,12285.0,2791.0,6350.0,619.0,16711.0,2545.0,428.0,30709.0,894.0,12965.0,8931.0,1092.0,148.0,72.0,1128.0,6816.0,2339.0,177.0,1334.0,387.0,47.0,0.0,0.0,0.0,0.0,87.0,177.0,13436.0,0.0,0.0,0.0,0.0,0.0,0.0,0.0,0.0,0.0,0.0,0.0,0.0
111,2020-06-29,83077,13829,13190,4189.0,164626.0,5216.0,17271,82275,0.0,7093,963,22147,13241.0,2823.0,6614.0,619.0,17283.0,2662.0,429.0,31320.0,916.0,13186.0,9212.0,1185.0,148.0,76.0,1198.0,7206.0,2364.0,182.0,1346.0,415.0,47.0,0.0,0.0,0.0,0.0,88.0,178.0,14419.0,0.0,0.0,0.0,0.0,0.0,0.0,0.0,0.0,0.0,0.0,0.0,0.0
112,2020-06-30,85161,14210,14295,4189.0,169883.0,5418.0,17660,86224,0.0,7237,964,22828,13891.0,2831.0,6859.0,619.0,17907.0,2761.0,435.0,31938.0,942.0,13370.0,9640.0,1227.0,148.0,90.0,1198.0,7752.0,2426.0,187.0,1380.0,434.0,47.0,0.0,0.0,0.0,0.0,88.0,203.0,15394.0,0.0,0.0,0.0,0.0,0.0,0.0,0.0,0.0,0.0,0.0,0.0,0.0
113,2020-07-01,87360,14548,15242,4442.0,174761.0,5568.0,18014,90167,0.0,7497,973,23492,14595.0,2881.0,7065.0,714.0,18559.0,2860.0,440.0,32557.0,953.0,13593.0,10043.0,1234.0,160.0,97.0,1315.0,8227.0,2490.0,191.0,1388.0,459.0,52.0,0.0,0.0,0.0,0.0,89.0,213.0,16339.0,0.0,0.0,0.0,0.0,0.0,0.0,0.0,0.0,0.0,0.0,0.0,0.0
114,2020-07-02,89802,14941,16514,4593.0,180298.0,5668.0,18312,94049,0.0,7695,990,24056,15252.0,2947.0,7316.0,714.0,19170.0,2940.0,446.0,33232.0,979.0,13861.0,10249.0,1260.0,160.0,100.0,1387.0,8582.0,2521.0,195.0,1396.0,459.0,52.0,0.0,0.0,0.0,0.0,101.0,215.0,17357.0,0.0,0.0,0.0,0.0,0.0,0.0,0.0,0.0,0.0,0.0,0.0,0.0
115,2020-07-03,92175,15509,18016,4753.0,186626.0,5784.0,18662,98392,0.0,7849,990,24825,16097.0,2984.0,7545.0,802.0,19819.0,3013.0,450.0,33913.0,1014.0,14106.0,10471.0,1279.0,162.0,109.0,1482.0,9013.0,2584.0,195.0,1435.0,501.0,56.0,0.0,0.0,0.0,0.0,102.0,230.0,18570.0,0.0,0.0,0.0,0.0,0.0,0.0,0.0,0.0,0.0,0.0,0.0,0.0
116,2020-07-04,94695,16003,19710,4964.0,192990.0,5937.0,19052,102721,0.0,8019,1001,25797,16934.0,3048.0,8106.0,802.0,20488.0,3065.0,457.0,34600.0,1033.0,14297.0,10954.0,1316.0,162.0,116.0,1482.0,9673.0,2695.0,252.0,1525.0,539.0,62.0,0.0,0.0,0.0,0.0,102.0,257.0,20462.0,0.0,0.0,0.0,0.0,0.0,0.0,0.0,0.0,0.0,0.0,0.0,0.0
117,2020-07-05,97200,16548,21549,5204.0,200064.0,6109.0,19532,107001,0.0,8246,1005,26554,17699.0,3093.0,8601.0,802.0,21231.0,3161.0,460.0,35312.0,1046.0,14604.0,11700.0,1325.0,164.0,119.0,1684.0,10668.0,2739.0,259.0,1546.0,563.0,62.0,0.0,0.0,0.0,0.0,103.0,271.0,22312.0,0.0,0.0,0.0,0.0,0.0,0.0,0.0,0.0,0.0,0.0,0.0,0.0
118,2020-07-06,99444,17005,23474,5429.0,206619.0,6283.0,20164,111151,0.0,8429,1005,27707,18697.0,3124.0,9070.0,802.0,22126.0,3207.0,466.0,36037.0,1063.0,14930.0,11876.0,1366.0,186.0,125.0,1761.0,11388.0,2781.0,269.0,1568.0,590.0,62.0,0.0,0.0,0.0,0.0,123.0,271.0,23902.0,0.0,0.0,0.0,0.0,0.0,0.0,0.0,0.0,0.0,0.0,0.0,0.0
119,2020-07-07,100823,17504,25317,5622.0,211987.0,6491.0,20688,114978,0.0,8675,1005,28636,20019.0,3161.0,9526.0,802.0,22987.0,3305.0,489.0,36772.0,1077.0,15284.0,12125.0,1390.0,197.0,141.0,1813.0,12160.0,2847.0,270.0,1680.0,625.0,80.0,0.0,0.0,0.0,0.0,125.0,297.0,25733.0,0.0,0.0,0.0,0.0,0.0,0.0,0.0,0.0,0.0,0.0,0.0,0.0
120,2020-07-08,102831,17999,26815,5894.0,217121.0,6749.0,21404,118594,0.0,8931,1041,29968,21197.0,3230.0,10097.0,930.0,23837.0,3415.0,494.0,37550.0,1083.0,15627.0,12570.0,1430.0,197.0,147.0,1903.0,12522.0,2996.0,276.0,1704.0,625.0,80.0,0.0,0.0,0.0,0.0,125.0,405.0,27612.0,0.0,0.0,0.0,0.0,0.0,0.0,0.0,0.0,0.0,0.0,0.0,0.0
121,2020-07-09,104864,18690,28877,6195.0,223724.0,6907.0,22063,122350,0.0,9261,1041,31156,22259.0,3258.0,10624.0,1008.0,24823.0,3525.0,513.0,38333.0,1101.0,16036.0,13189.0,1435.0,197.0,149.0,2039.0,13336.0,3096.0,287.0,1761.0,657.0,80.0,0.0,0.0,0.0,0.0,133.0,408.0,29536.0,0.0,0.0,0.0,0.0,0.0,0.0,0.0,0.0,0.0,0.0,0.0,0.0
122,2020-07-10,107051,19369,31105,6534.0,230599.0,7140.0,22563,126581,0.0,9501,1055,32362,23814.0,3305.0,11201.0,1151.0,25911.0,3675.0,523.0,39194.0,1140.0,16341.0,13944.0,1450.0,197.0,151.0,2151.0,14032.0,3246.0,302.0,1776.0,673.0,113.0,0.0,0.0,0.0,0.0,134.0,411.0,30946.0,0.0,0.0,0.0,0.0,0.0,0.0,0.0,0.0,0.0,0.0,0.0,0.0
123,2020-07-11,109140,19934,33418,6950.0,238461.0,7357.0,23174,130261,0.0,9888,1064,33700,25422.0,3373.0,11956.0,1272.0,27109.0,3767.0,539.0,40069.0,1171.0,16657.0,14575.0,1582.0,226.0,156.0,2251.0,14600.0,3419.0,335.0,1918.0,732.0,207.0,0.0,0.0,0.0,0.0,134.0,459.0,32224.0,0.0,0.0,0.0,0.0,0.0,0.0,0.0,0.0,0.0,0.0,0.0,0.0
124,2020-07-12,110921,20582,36216,7438.0,246600.0,7587.0,23748,134226,0.0,10156,1077,35092,27235.0,3417.0,12526.0,1337.0,28453.0,3897.0,555.0,40941.0,1182.0,17201.0,15373.0,1593.0,227.0,163.0,2368.0,15536.0,3613.0,341.0,1949.0,748.0,207.0,0.0,0.0,0.0,0.0,151.0,471.0,33402.0,0.0,0.0,0.0,0.0,0.0,0.0,0.0,0.0,0.0,0.0,0.0,0.0
125,2020-07-13,112494,21240,38843,7873.0,254427.0,7821.0,24392,138470,0.0,10513,1086,36476,29168.0,3537.0,13121.0,1418.0,30013.0,4059.0,559.0,41820.0,1213.0,17632.0,16642.0,1609.0,231.0,163.0,2453.0,16071.0,3756.0,359.0,2054.0,774.0,306.0,0.0,0.0,0.0,0.0,153.0,479.0,34671.0,0.0,0.0,0.0,0.0,0.0,0.0,0.0,0.0,0.0,0.0,0.0,0.0
126,2020-07-14,113740,21894,41581,8322.0,260924.0,8178.0,24936,142798,0.0,10827,1093,38130,31103.0,3608.0,13737.0,1468.0,31448.0,4217.0,588.0,42722.0,1243.0,18207.0,17959.0,1626.0,233.0,166.0,2583.0,16806.0,3898.0,387.0,2080.0,845.0,318.0,0.0,0.0,0.0,0.0,192.0,495.0,36221.0,0.0,0.0,0.0,0.0,0.0,0.0,0.0,0.0,0.0,0.0,0.0,0.0
127,2020-07-15,115346,22628,44077,8930.0,267665.0,8511.0,25571,147324,0.0,11173,1093,39724,33019.0,3686.0,14280.0,1531.0,32838.0,4379.0,600.0,43637.0,1309.0,19005.0,19284.0,1672.0,238.0,166.0,2753.0,17807.0,4091.0,462.0,2170.0,896.0,318.0,0.0,0.0,0.0,0.0,209.0,520.0,37745.0,0.0,0.0,0.0,0.0,0.0,0.0,0.0,0.0,0.0,0.0,0.0,0.0
128,2020-07-16,116993,23306,47253,9553.0,275640.0,8799.0,26437,151820,0.0,11666,1142,41383,35451.0,3785.0,14898.0,1596.0,34427.0,4539.0,625.0,44552.0,1341.0,19643.0,20612.0,1700.0,238.0,176.0,2951.0,18666.0,4320.0,462.0,2268.0,902.0,346.0,0.0,0.0,0.0,0.0,220.0,539.0,39342.0,0.0,0.0,0.0,0.0,0.0,0.0,0.0,0.0,0.0,0.0,0.0,0.0
129,2020-07-17,118645,24002,51422,10275.0,284281.0,9094.0,27174,156369,0.0,12156,1147,43441,38044.0,3982.0,15392.0,1743.0,36117.0,4732.0,651.0,45481.0,1377.0,20378.0,21764.0,1764.0,272.0,180.0,3108.0,19754.0,4624.0,543.0,2283.0,916.0,377.0,0.0,0.0,0.0,0.0,243.0,552.0,41018.0,0.0,0.0,0.0,0.0,0.0,0.0,0.0,0.0,0.0,0.0,0.0,0.0
130,2020-07-18,120107,24797,55115,11066.0,292589.0,9442.0,27789,160907,0.0,12757,1151,45163,40646.0,4102.0,16110.0,1832.0,38011.0,4964.0,660.0,46430.0,1417.0,21081.0,23589.0,1800.0,282.0,194.0,3304.0,20646.0,4921.0,609.0,2366.0,956.0,403.0,0.0,0.0,0.0,0.0,266.0,585.0,42496.0,0.0,0.0,0.0,0.0,0.0,0.0,0.0,0.0,0.0,0.0,0.0,0.0
131,2020-07-19,121582,25547,59652,11659.0,300937.0,9792.0,28500,165714,0.0,13198,1159,47036,44609.0,4276.0,16701.0,1894.0,40209.0,5233.0,700.0,47390.0,1457.0,21763.0,25136.0,1891.0,284.0,198.0,3484.0,22918.0,5342.0,650.0,2654.0,978.0,418.0,0.0,0.0,0.0,0.0,275.0,602.0,43780.0,0.0,0.0,0.0,0.0,0.0,0.0,0.0,0.0,0.0,0.0,0.0,0.0
132,2020-07-20,122793,26164,63772,12480.0,310455.0,10100.0,29434,170693,0.0,13899,1178,49247,49650.0,4515.0,17437.0,1999.0,42487.0,5407.0,717.0,48355.0,1483.0,22600.0,26569.0,1911.0,284.0,203.0,3657.0,23999.0,5535.0,740.0,2878.0,988.0,450.0,0.0,0.0,0.0,0.0,283.0,605.0,45076.0,0.0,0.0,0.0,0.0,0.0,0.0,0.0,0.0,0.0,0.0,0.0,0.0
133,2020-07-21,123747,26858,67420,13274.0,318695.0,10510.0,30390,175678,0.0,14650,1195,51160,53724.0,4642.0,18110.0,2092.0,44769.0,5561.0,737.0,49353.0,1631.0,23310.0,27646.0,1925.0,297.0,207.0,3853.0,25382.0,5756.0,790.0,3079.0,1021.0,466.0,0.0,0.0,0.0,0.0,305.0,684.0,46274.0,0.0,0.0,0.0,0.0,0.0,0.0,0.0,0.0,0.0,0.0,0.0,0.0
134,2020-07-22,125096,27462,71069,13994.0,327031.0,10889.0,31373,180643,0.0,15258,1198,53288,58668.0,4849.0,18757.0,2179.0,47030.0,5729.0,751.0,50379.0,1664.0,24095.0,28952.0,2015.0,317.0,212.0,4027.0,25382.0,6159.0,858.0,3331.0,1030.0,490.0,0.0,0.0,0.0,0.0,330.0,705.0,47705.0,0.0,0.0,0.0,0.0,0.0,0.0,0.0,0.0,0.0,0.0,0.0,0.0
135,2020-07-23,126323,28186,75833,15032.0,337607.0,11301.0,32334,186492,0.0,15711,1206,55588,64713.0,5300.0,19835.0,2300.0,49321.0,5968.0,793.0,51399.0,1725.0,24842.0,30369.0,2060.0,317.0,221.0,4176.0,26772.0,6485.0,949.0,3449.0,1084.0,514.0,0.0,0.0,0.0,0.0,438.0,733.0,49259.0,0.0,0.0,0.0,0.0,0.0,0.0,0.0,0.0,0.0,0.0,0.0,0.0
136,2020-07-24,127364,28975,80863,16110.0,347502.0,11739.0,33220,192964,0.0,16429,1210,58104,72711.0,5445.0,21099.0,2420.0,51757.0,6254.0,800.0,52477.0,1834.0,25474.0,31980.0,2115.0,332.0,240.0,4350.0,28791.0,6975.0,991.0,3656.0,1174.0,534.0,0.0,0.0,0.0,0.0,460.0,770.0,50826.0,0.0,0.0,0.0,0.0,0.0,0.0,0.0,0.0,0.0,0.0,0.0,0.0
137,2020-07-25,128389,29755,85870,16995.0,357117.0,12216.0,34178,199749,0.0,16782,1246,60771,80858.0,5445.0,22693.0,2515.0,53973.0,6731.0,823.0,53545.0,1954.0,26210.0,33926.0,2146.0,361.0,259.0,4540.0,29921.0,7493.0,1056.0,3759.0,1239.0,588.0,0.0,0.0,0.0,0.0,477.0,815.0,52466.0,0.0,0.0,0.0,0.0,0.0,0.0,0.0,0.0,0.0,0.0,0.0,0.0
138,2020-07-26,129531,30538,90942,18098.0,366368.0,12684.0,35298,206737,0.0,17305,1276,63742,88671.0,5961.0,24013.0,2654.0,56377.0,7087.0,852.0,54626.0,2049.0,26926.0,36604.0,2176.0,361.0,290.0,4686.0,31086.0,7836.0,1126.0,3862.0,1289.0,646.0,0.0,0.0,0.0,0.0,499.0,860.0,0.0,52466.0,0.0,0.0,0.0,0.0,0.0,0.0,0.0,0.0,0.0,0.0,0.0
139,2020-07-27,130606,31332,96141,19025.0,375799.0,13218.0,35909,213723,0.0,17920,1285,66988,96298.0,6104.0,25389.0,2786.0,58718.0,7450.0,887.0,55822.0,2176.0,27800.0,39176.0,2235.0,361.0,324.0,4861.0,32228.0,8275.0,1158.0,3900.0,1339.0,702.0,0.0,0.0,0.0,0.0,545.0,914.0,54059.0,0.0,0.0,0.0,0.0,0.0,0.0,0.0,0.0,0.0,0.0,0.0,0.0
140,2020-07-28,131219,32127,101465,19727.0,383723.0,13769.0,36878,220716,57142.0,18390,1306,70493,102349.0,6328.0,26892.0,2872.0,60830.0,7745.0,910.0,56874.0,2270.0,28589.0,41244.0,2286.0,384.0,338.0,5119.0,33576.0,8683.0,1239.0,4049.0,1385.0,738.0,0.0,0.0,0.0,0.0,555.0,946.0,0.0,0.0,0.0,0.0,0.0,0.0,0.0,0.0,0.0,0.0,0.0,0.0,0.0
141,2020-07-29,132275,32876,107001,20894.0,391440.0,14378.0,38514,227688,57142.0,18879,1327,73951,110297.0,6587.0,28107.0,3011.0,62964.0,8257.0,934.0,57982.0,2330.0,29217.0,43843.0,2317.0,384.0,363.0,5287.0,34947.0,9078.0,1330.0,4269.0,1460.0,779.0,0.0,0.0,0.0,0.0,579.0,982.0,0.0,0.0,0.0,0.0,0.0,0.0,0.0,0.0,0.0,0.0,0.0,0.0,0.0
142,2020-07-30,133310,33631,112504,21797.0,400651.0,14946.0,38964,234114,58906.0,19419,1347,77334,120390.0,6866.0,29175.0,3177.0,65258.0,8539.0,978.0,59126.0,2403.0,30134.0,46080.0,2458.0,398.0,428.0,5489.0,36295.0,9861.0,1410.0,4485.0,1513.0,784.0,0.0,0.0,0.0,0.0,596.0,1026.0,0.0,0.0,0.0,0.0,0.0,0.0,0.0,0.0,0.0,0.0,0.0,0.0,0.0
143,2020-07-31,134403,34254,118632,22303.0,411798.0,15456.0,40145,239978,60717.0,19869,1378,81039,130557.0,7065.0,30378.0,3298.0,67692.0,8761.0,1016.0,60285.0,2506.0,30968.0,48477.0,2505.0,408.0,471.0,5704.0,38407.0,10167.0,1484.0,4706.0,1566.0,803.0,0.0,0.0,0.0,0.0,610.0,1064.0,0.0,0.0,0.0,0.0,0.0,0.0,0.0,0.0,0.0,0.0,0.0,0.0,0.0
144,2020-08-01,135598,34965,124115,23613.0,422118.0,16119.0,41298,245859,62703.0,20359,1404,85461,140933.0,7183.0,31877.0,3472.0,70188.0,9086.0,1051.0,61438.0,2564.0,31806.0,51233.0,2621.0,412.0,548.0,5913.0,40269.0,10958.0,1591.0,4978.0,1693.0,823.0,0.0,0.0,0.0,0.0,639.0,1100.0,0.0,0.0,0.0,0.0,0.0,0.0,0.0,0.0,0.0,0.0,0.0,0.0,0.0
145,2020-08-02,136716,35758,129287,24742.0,431719.0,17063.0,42646,251738,64786.0,20972,1462,89048,150209.0,7447.0,33479.0,3606.0,72777.0,9385.0,1079.0,62463.0,2634.0,32614.0,54240.0,2756.0,468.0,636.0,6193.0,41726.0,11686.0,1673.0,5233.0,1831.0,856.0,0.0,0.0,0.0,0.0,650.0,1145.0,0.0,0.0,0.0,0.0,0.0,0.0,0.0,0.0,0.0,0.0,0.0,0.0,0.0
146,2020-08-03,137677,36519,134819,25911.0,441228.0,17853.0,43804,257613,66677.0,21416,1466,92921,158764.0,7593.0,34913.0,3806.0,75516.0,9531.0,1117.0,63562.0,2703.0,33535.0,57024.0,2831.0,482.0,734.0,6530.0,42904.0,12523.0,1698.0,5374.0,1935.0,874.0,0.0,0.0,0.0,0.0,658.0,1184.0,0.0,0.0,0.0,0.0,0.0,0.0,0.0,0.0,0.0,0.0,0.0,0.0,0.0
147,2020-08-04,138482,37173,139571,26873.0,450196.0,18527.0,44975,263222,68946.0,22006,1485,97362,166586.0,7800.0,36297.0,3982.0,78232.0,9779.0,1159.0,64585.0,2818.0,34285.0,59328.0,2920.0,501.0,830.0,6816.0,45275.0,13478.0,1758.0,5505.0,2129.0,902.0,0.0,0.0,0.0,0.0,688.0,1274.0,0.0,0.0,0.0,0.0,0.0,0.0,0.0,0.0,0.0,0.0,0.0,0.0,0.0
148,2020-08-05,139156,37796,145830,27956.0,457956.0,19015.0,46679,268285,70958.0,22396,1534,100310,176333.0,8008.0,37681.0,4147.0,80984.0,10202.0,1206.0,65599.0,2879.0,35082.0,61788.0,3018.0,504.0,928.0,7075.0,48161.0,13940.0,1790.0,5628.0,2405.0,917.0,0.0,0.0,0.0,0.0,783.0,1325.0,0.0,0.0,0.0,0.0,0.0,0.0,0.0,0.0,0.0,0.0,0.0,0.0,0.0
149,2020-08-06,140232,38548,151449,29151.0,468265.0,19856.0,47272,273460,73050.0,22955,1592,104388,186461.0,8254.0,39018.0,4433.0,83800.0,10407.0,1270.0,66669.0,2916.0,35734.0,64770.0,3093.0,537.0,1027.0,7423.0,50445.0,14888.0,1855.0,5725.0,2498.0,929.0,0.0,0.0,0.0,0.0,800.0,1366.0,0.0,0.0,0.0,0.0,0.0,0.0,0.0,0.0,0.0,0.0,0.0,0.0,0.0
150,2020-08-07,141531,39303,158254,30449.0,479779.0,20891.0,48996,279144,75257.0,23454,1595,108974,196789.0,8552.0,40717.0,4621.0,86754.0,10932.0,1327.0,67699.0,3047.0,36564.0,67788.0,3217.0,539.0,1123.0,7614.0,52817.0,15756.0,1948.0,5853.0,2580.0,990.0,0.0,0.0,0.0,0.0,829.0,1391.0,0.0,0.0,0.0,0.0,0.0,0.0,0.0,0.0,0.0,0.0,0.0,0.0,0.0
151,2020-08-08,142723,40054,164924,31700.0,490262.0,21930.0,50157,285024,77513.0,23927,1614,113378,206960.0,8901.0,42550.0,4862.0,89666.0,11408.0,1374.0,68768.0,3150.0,37298.0,71304.0,3466.0,566.0,1222.0,7947.0,55496.0,16465.0,2049.0,5999.0,2657.0,1006.0,0.0,0.0,0.0,0.0,854.0,1437.0,0.0,0.0,0.0,0.0,0.0,0.0,0.0,0.0,0.0,0.0,0.0,0.0,0.0
152,2020-08-09,144127,40843,172102,33120.0,503084.0,22928.0,51328,290907,79495.0,24390,1639,118038,217040.0,9402.0,44193.0,5123.0,92615.0,11743.0,1426.0,69869.0,3264.0,38157.0,75294.0,3635.0,593.0,1351.0,8206.0,57714.0,17094.0,2117.0,6146.0,2688.0,1023.0,0.0,0.0,0.0,0.0,860.0,1456.0,0.0,0.0,0.0,0.0,0.0,0.0,0.0,0.0,0.0,0.0,0.0,0.0,0.0
153,2020-08-10,145427,41635,178087,34331.0,515332.0,23903.0,52497,296901,80751.0,24897,1688,122609,227860.0,9632.0,45927.0,5382.0,95554.0,12148.0,1515.0,70965.0,3371.0,39025.0,79451.0,3753.0,620.0,1490.0,8712.0,58837.0,18138.0,2155.0,6208.0,2781.0,1062.0,0.0,0.0,0.0,0.0,866.0,1564.0,0.0,0.0,0.0,0.0,0.0,0.0,0.0,0.0,0.0,0.0,0.0,0.0,0.0
154,2020-08-11,146134,42429,182354,35515.0,524513.0,24889.0,53670,302815,82647.0,25367,1717,126722,235525.0,10021.0,47455.0,5624.0,98459.0,12448.0,1595.0,72031.0,3463.0,39891.0,82550.0,3853.0,623.0,1625.0,9029.0,61737.0,18723.0,2231.0,6372.0,3011.0,1114.0,0.0,0.0,0.0,0.0,910.0,1613.0,0.0,0.0,0.0,0.0,0.0,0.0,0.0,0.0,0.0,0.0,0.0,0.0,0.0
155,2020-08-12,147391,43227,188611,36932.0,535601.0,25889.0,54887,308649,84544.0,25931,1770,131763,244549.0,10432.0,48796.0,5900.0,101390.0,12929.0,1670.0,73163.0,3497.0,40734.0,86413.0,3941.0,648.0,1764.0,9444.0,64406.0,19225.0,2327.0,6482.0,3031.0,1136.0,0.0,0.0,0.0,0.0,913.0,1653.0,0.0,0.0,0.0,0.0,0.0,0.0,0.0,0.0,0.0,0.0,0.0,0.0,0.0
156,2020-08-13,148504,44024,196494,38144.0,548313.0,26909.0,56100,314520,86475.0,26413,1811,136238,254146.0,10886.0,50672.0,6381.0,104326.0,13498.0,1751.0,74318.0,3636.0,41604.0,90321.0,3982.0,649.0,1900.0,9924.0,68999.0,19743.0,2430.0,6603.0,3118.0,1179.0,0.0,0.0,0.0,0.0,930.0,1696.0,0.0,0.0,0.0,0.0,0.0,0.0,0.0,0.0,0.0,0.0,0.0,0.0,0.0
157,2020-08-14,149460,44817,203200,39708.0,560126.0,27936.0,57414,320355,88396.0,26949,1849,140775,264142.0,11302.0,52653.0,6680.0,107323.0,13937.0,1842.0,75408.0,3816.0,42618.0,94193.0,4112.0,649.0,2037.0,10494.0,71795.0,20881.0,2512.0,6767.0,3168.0,1193.0,0.0,0.0,0.0,0.0,931.0,1752.0,0.0,0.0,0.0,0.0,0.0,0.0,0.0,0.0,0.0,0.0,0.0,0.0,0.0
158,2020-08-15,150652,45614,211108,41277.0,572734.0,29013.0,58692,326245,90259.0,27489,1879,145287,273085.0,11615.0,54630.0,6995.0,110358.0,14481.0,1928.0,76480.0,3874.0,43414.0,98008.0,4198.0,657.0,2186.0,10970.0,74501.0,21595.0,2607.0,6934.0,3322.0,1228.0,0.0,0.0,0.0,0.0,1080.0,1797.0,0.0,0.0,0.0,0.0,0.0,0.0,0.0,0.0,0.0,0.0,0.0,0.0,0.0
159,2020-08-16,151928,46410,219926,42885.0,584754.0,30041.0,59979,332105,91361.0,28021,1909,150061,281817.0,11940.0,57126.0,7354.0,113432.0,14987.0,2009.0,77559.0,3993.0,44433.0,101551.0,4390.0,777.0,2306.0,11339.0,75558.0,22389.0,2658.0,7061.0,3340.0,1292.0,0.0,0.0,0.0,0.0,1148.0,1843.0,0.0,0.0,0.0,0.0,0.0,0.0,0.0,0.0,0.0,0.0,0.0,0.0,0.0
160,2020-08-17,152580,47153,226966,44415.0,595865.0,31206.0,61296,338055,92255.0,28470,1948,154418,289829.0,12175.0,60050.0,7732.0,116498.0,15471.0,2102.0,78680.0,4156.0,45455.0,103844.0,4569.0,789.0,2399.0,11639.0,76875.0,23055.0,2701.0,7204.0,3394.0,1374.0,0.0,0.0,0.0,0.0,1167.0,1878.0,0.0,0.0,0.0,0.0,0.0,0.0,0.0,0.0,0.0,0.0,0.0,0.0,0.0
161,2020-08-18,153367,48040,233283,46140.0,604358.0,32696.0,62630,343945,93937.0,28892,1966,158216,296609.0,12493.0,62294.0,8029.0,119578.0,16025.0,2216.0,79710.0,4174.0,46385.0,106307.0,4687.0,789.0,2445.0,11994.0,79667.0,23752.0,2741.0,7409.0,3455.0,1418.0,0.0,0.0,0.0,0.0,1187.0,1908.0,0.0,0.0,0.0,0.0,0.0,0.0,0.0,0.0,0.0,0.0,0.0,0.0,0.0
162,2020-08-19,154741,48936,240948,47898.0,615477.0,34400.0,63977,349654,95700.0,29326,2010,162434,306261.0,12961.0,64533.0,8396.0,122753.0,16833.0,2305.0,80802.0,4235.0,47375.0,109498.0,4765.0,860.0,2529.0,12333.0,82201.0,24477.0,2875.0,7645.0,3520.0,1457.0,0.0,0.0,0.0,0.0,1207.0,1951.0,0.0,0.0,0.0,0.0,0.0,0.0,0.0,0.0,0.0,0.0,0.0,0.0,0.0
163,2020-08-20,156139,49930,249590,50231.0,628642.0,36084.0,65289,355449,97424.0,30034,2048,167510,316003.0,13225.0,67122.0,8750.0,125922.0,17485.0,2396.0,81942.0,4411.0,48351.0,112437.0,4876.0,873.0,2604.0,12675.0,84317.0,26090.0,2950.0,7835.0,3558.0,1506.0,0.0,0.0,0.0,0.0,1232.0,1995.0,0.0,0.0,0.0,0.0,0.0,0.0,0.0,0.0,0.0,0.0,0.0,0.0,0.0
164,2020-08-21,157354,50926,256975,52199.0,643289.0,37824.0,66619,361435,99391.0,30717,2077,172334,325396.0,13636.0,70020.0,9292.0,129119.0,18501.0,2515.0,83107.0,4538.0,49493.0,114941.0,4925.0,895.0,2680.0,13099.0,86052.0,26753.0,3066.0,8091.0,3583.0,1661.0,0.0,0.0,0.0,0.0,1290.0,2030.0,0.0,0.0,0.0,0.0,0.0,0.0,0.0,0.0,0.0,0.0,0.0,0.0,0.0
165,2020-08-22,158604,52129,264546,54182.0,657450.0,39327.0,67954,367430,101865.0,31371,2133,177239,334940.0,14083.0,72718.0,9594.0,132364.0,19510.0,2631.0,84311.0,4728.0,50640.0,117413.0,5049.0,903.0,2747.0,13484.0,87908.0,28196.0,3126.0,8371.0,3619.0,1718.0,0.0,0.0,0.0,0.0,1336.0,2082.0,0.0,0.0,0.0,0.0,0.0,0.0,0.0,0.0,0.0,0.0,0.0,0.0,0.0
166,2020-08-23,160016,53290,271876,56354.0,671942.0,40643.0,69264,373410,104249.0,31981,2210,182453,345216.0,14566.0,75537.0,10112.0,135596.0,20078.0,2776.0,85523.0,4895.0,51866.0,119529.0,5132.0,917.0,2808.0,13790.0,89468.0,28571.0,3223.0,8702.0,3635.0,1811.0,0.0,0.0,0.0,0.0,1381.0,2120.0,0.0,0.0,0.0,0.0,0.0,0.0,0.0,0.0,0.0,0.0,0.0,0.0,0.0
167,2020-08-24,161466,54386,277814,58262.0,682383.0,41779.0,70609,379385,106091.0,32647,2279,187781,353111.0,15124.0,78530.0,10522.0,138870.0,20918.0,2918.0,86624.0,5001.0,53129.0,121947.0,5246.0,918.0,2860.0,13999.0,90740.0,29677.0,3263.0,8902.0,3686.0,1917.0,0.0,0.0,0.0,0.0,1403.0,2161.0,0.0,0.0,0.0,0.0,0.0,0.0,0.0,0.0,0.0,0.0,0.0,0.0,0.0
168,2020-08-25,162527,55460,283665,59504.0,693398.0,43284.0,71955,385352,108670.0,33075,2330,192382,361712.0,15529.0,81479.0,10859.0,141837.0,22054.0,3035.0,87691.0,5101.0,54421.0,123198.0,5362.0,953.0,2904.0,14138.0,92619.0,31005.0,3312.0,9195.0,3714.0,1976.0,0.0,0.0,0.0,0.0,1446.0,2181.0,0.0,0.0,0.0,0.0,0.0,0.0,0.0,0.0,0.0,0.0,0.0,0.0,0.0
169,2020-08-26,164071,56608,291826,61879.0,703823.0,44577.0,73325,391303,111688.0,33776,2420,197388,371639.0,16014.0,84231.0,11426.0,144801.0,23341.0,3209.0,88805.0,5154.0,55800.0,124536.0,5444.0,967.0,2945.0,14530.0,94592.0,31973.0,3412.0,9523.0,3752.0,2018.0,0.0,0.0,0.0,0.0,1475.0,2203.0,0.0,0.0,0.0,0.0,0.0,0.0,0.0,0.0,0.0,0.0,0.0,0.0,0.0
170,2020-08-27,165764,58005,300406,64355.0,718711.0,46090.0,74670,397261,114483.0,34480,2451,203028,382469.0,16549.0,87602.0,11930.0,147775.0,24550.0,3376.0,89994.0,5321.0,56864.0,126714.0,5585.0,967.0,2985.0,15027.0,96771.0,33046.0,3555.0,9908.0,3778.0,2050.0,0.0,0.0,0.0,0.0,1486.0,2228.0,0.0,0.0,0.0,0.0,0.0,0.0,0.0,0.0,0.0,0.0,0.0,0.0,0.0
171,2020-08-28,167604,59298,309792,66761.0,733568.0,47836.0,76015,403242,117415.0,35135,2492,208419,393090.0,17277.0,90986.0,12434.0,150772.0,25988.0,3564.0,91179.0,5501.0,58181.0,128780.0,5725.0,974.0,3018.0,15483.0,98807.0,34396.0,3633.0,10414.0,3784.0,2129.0,0.0,0.0,0.0,0.0,1542.0,2266.0,0.0,0.0,0.0,0.0,0.0,0.0,0.0,0.0,0.0,0.0,0.0,0.0,0.0
172,2020-08-29,169412,60596,318752,69304.0,747995.0,49378.0,77370,409238,120166.0,35831,2540,213824,403616.0,17865.0,94668.0,13024.0,153754.0,27233.0,3724.0,92452.0,5637.0,59433.0,131057.0,5843.0,1003.0,3050.0,16006.0,101367.0,35321.0,3745.0,10857.0,3805.0,2240.0,0.0,0.0,0.0,0.0,1576.0,2290.0,0.0,0.0,0.0,0.0,0.0,0.0,0.0,0.0,0.0,0.0,0.0,0.0,0.0
173,2020-08-30,171366,61987,327076,71701.0,764281.0,50848.0,78777,415590,123090.0,36377,2603,219457,414164.0,18571.0,97920.0,13556.0,156766.0,28746.0,3985.0,93734.0,5781.0,60875.0,133003.0,5960.0,1008.0,3081.0,16553.0,103794.0,36857.0,3877.0,11307.0,3851.0,2283.0,0.0,0.0,0.0,0.0,1602.0,2306.0,0.0,0.0,0.0,0.0,0.0,0.0,0.0,0.0,0.0,0.0,0.0,0.0,0.0
174,2020-08-31,173390,63282,335928,73855.0,780689.0,52526.0,80227,422085,124963.0,37163,2638,225632,424767.0,19235.0,100934.0,14127.0,159785.0,30092.0,4155.0,95009.0,5945.0,62433.0,135035.0,6112.0,1011.0,3104.0,17004.0,105774.0,38435.0,4034.0,11644.0,3922.0,2343.0,0.0,0.0,0.0,0.0,1627.0,2340.0,0.0,0.0,0.0,0.0,0.0,0.0,0.0,0.0,0.0,0.0,0.0,0.0,0.0
175,2020-09-01,174748,64732,342423,75385.0,792541.0,53992.0,81693,428041,127697.0,37698,2681,230414,434771.0,19827.0,103536.0,14411.0,162778.0,31503.0,4346.0,96300.0,6116.0,63965.0,136457.0,6252.0,1011.0,3132.0,17418.0,109040.0,41656.0,4112.0,12153.0,3950.0,2368.0,0.0,0.0,0.0,0.0,1652.0,2367.0,0.0,0.0,0.0,0.0,0.0,0.0,0.0,0.0,0.0,0.0,0.0,0.0,0.0
176,2020-09-02,177060,66426,351481,76525.0,808306.0,55508.0,83163,433969,130589.0,38223,2733,235757,445139.0,20398.0,106561.0,14766.0,165721.0,33387.0,4550.0,97629.0,6255.0,65490.0,138349.0,6382.0,1020.0,3160.0,18006.0,111724.0,43833.0,4212.0,12702.0,4003.0,2440.0,0.0,0.0,0.0,0.0,1670.0,2386.0,0.0,0.0,0.0,0.0,0.0,0.0,0.0,0.0,0.0,0.0,0.0,0.0,0.0
177,2020-09-03,179569,68218,361341,78072.0,825739.0,56989.0,84674,439959,133406.0,38864,2785,241439,455531.0,21234.0,109780.0,15157.0,168697.0,35683.0,4789.0,98888.0,6416.0,66914.0,141441.0,6507.0,1020.0,3186.0,18642.0,115279.0,44862.0,4360.0,13292.0,4017.0,2517.0,0.0,0.0,0.0,0.0,1704.0,2435.0,0.0,0.0,0.0,0.0,0.0,0.0,0.0,0.0,0.0,0.0,0.0,0.0,0.0
178,2020-09-04,182306,70099,370206,79625.0,843844.0,58515.0,86227,445851,135884.0,39943,2840,247101,465730.0,22180.0,113411.0,15581.0,171681.0,37967.0,5065.0,100213.0,6615.0,68586.0,142967.0,6609.0,1040.0,3223.0,19355.0,118333.0,46480.0,4574.0,13816.0,4066.0,2626.0,0.0,0.0,0.0,0.0,1738.0,2450.0,0.0,0.0,0.0,0.0,0.0,0.0,0.0,0.0,0.0,0.0,0.0,0.0,0.0
179,2020-09-05,185220,71983,379486,82104.0,863062.0,60013.0,87797,451827,138395.0,40990,2935,253175,476506.0,23011.0,116678.0,16164.0,174659.0,40634.0,5268.0,101533.0,6830.0,70244.0,144104.0,6699.0,1046.0,3257.0,19863.0,121224.0,48039.0,4775.0,14507.0,4107.0,2734.0,0.0,0.0,0.0,0.0,1843.0,2467.0,0.0,0.0,0.0,0.0,0.0,0.0,0.0,0.0,0.0,0.0,0.0,0.0,0.0
180,2020-09-06,188193,74272,389232,84759.0,883862.0,61527.0,89363,457697,140969.0,42241,2996,259765,487331.0,23961.0,120221.0,16566.0,177701.0,43163.0,5502.0,102844.0,7018.0,71880.0,145832.0,6883.0,1062.0,3292.0,20455.0,123922.0,49797.0,4914.0,15109.0,4128.0,2916.0,0.0,0.0,0.0,0.0,1901.0,2537.0,0.0,0.0,0.0,0.0,0.0,0.0,0.0,0.0,0.0,0.0,0.0,0.0,0.0
181,2020-09-07,191449,76549,398551,87841.0,907212.0,63473.0,90956,463480,142771.0,43557,3036,266283,498125.0,24629.0,124031.0,17032.0,180788.0,45263.0,5763.0,104179.0,7415.0,73574.0,147661.0,7022.0,1114.0,3332.0,20829.0,125459.0,51063.0,5000.0,15508.0,4178.0,3005.0,0.0,0.0,0.0,0.0,1910.0,2575.0,0.0,0.0,0.0,0.0,0.0,0.0,0.0,0.0,0.0,0.0,0.0,0.0,0.0
182,2020-09-08,193526,78773,404324,89489.0,923641.0,65583.0,92536,469256,145163.0,44570,3064,271851,506493.0,25436.0,127892.0,17316.0,183865.0,47280.0,5995.0,105509.0,7660.0,75459.0,149027.0,7106.0,1114.0,3359.0,21173.0,128244.0,52620.0,5180.0,16135.0,4220.0,3034.0,0.0,0.0,0.0,0.0,1939.0,2590.0,0.0,0.0,0.0,0.0,0.0,0.0,0.0,0.0,0.0,0.0,0.0,0.0,0.0
183,2020-09-09,197135,81059,412190,92515.0,943772.0,67547.0,94126,474940,147642.0,45925,3102,278473,517094.0,26094.0,131382.0,17749.0,186956.0,50114.0,6372.0,106804.0,7831.0,77323.0,150502.0,7202.0,1123.0,3392.0,21630.0,130823.0,55296.0,5402.0,16717.0,4245.0,3076.0,0.0,0.0,0.0,0.0,1958.0,2617.0,0.0,0.0,0.0,0.0,0.0,0.0,0.0,0.0,0.0,0.0,0.0,0.0,0.0
184,2020-09-10,201174,83353,421730,95917.0,967349.0,69684.0,95736,480524,150176.0,47542,3142,285041,527512.0,27211.0,135130.0,18084.0,190063.0,52932.0,6704.0,108133.0,8147.0,79192.0,152192.0,7362.0,1192.0,3426.0,22251.0,133066.0,56897.0,5545.0,17252.0,4375.0,3197.0,0.0,0.0,0.0,0.0,1989.0,2643.0,0.0,0.0,0.0,0.0,0.0,0.0,0.0,0.0,0.0,0.0,0.0,0.0,0.0
185,2020-09-11,205482,85944,430947,99266.0,990795.0,72143.0,97376,486052,152602.0,49134,3177,292029,537687.0,28266.0,139121.0,18536.0,193175.0,55680.0,6987.0,109465.0,8466.0,81379.0,153568.0,7470.0,1333.0,3465.0,22890.0,135805.0,58079.0,5672.0,17811.0,4636.0,3296.0,0.0,0.0,0.0,0.0,2009.0,2671.0,0.0,0.0,0.0,0.0,0.0,0.0,0.0,0.0,0.0,0.0,0.0,0.0,0.0
186,2020-09-12,209748,88332,440411,102254.0,1015681.0,74616.0,99036,491571,154880.0,50712,3228,299045,547686.0,29221.0,143117.0,19026.0,196332.0,58643.0,7292.0,110809.0,8784.0,83619.0,155445.0,7579.0,1379.0,3494.0,23445.0,138339.0,59040.0,5825.0,18281.0,4946.0,3447.0,0.0,0.0,0.0,0.0,2026.0,2695.0,0.0,0.0,0.0,0.0,0.0,0.0,0.0,0.0,0.0,0.0,0.0,0.0,0.0
187,2020-09-13,214069,91115,449551,105139.0,1037765.0,77057.0,100705,497066,157096.0,52410,3294,305831,557587.0,30336.0,146894.0,19445.0,199493.0,61763.0,7542.0,112174.0,9229.0,85966.0,156703.0,7731.0,1414.0,3521.0,24185.0,140471.0,60460.0,5975.0,18910.0,5064.0,3615.0,0.0,0.0,0.0,0.0,2055.0,2725.0,0.0,0.0,0.0,0.0,0.0,0.0,0.0,0.0,0.0,0.0,0.0,0.0,0.0
188,2020-09-14,218304,93641,459445,108278.0,1060308.0,79679.0,102408,502759,158513.0,54096,3345,312036,567123.0,31973.0,150807.0,19833.0,202708.0,63991.0,7991.0,113500.0,9555.0,88247.0,158285.0,7875.0,1428.0,3546.0,24592.0,141763.0,61474.0,6121.0,19165.0,5083.0,3724.0,0.0,0.0,0.0,0.0,2086.0,2745.0,0.0,0.0,0.0,0.0,0.0,0.0,0.0,0.0,0.0,0.0,0.0,0.0,0.0
189,2020-09-15,221533,96129,467689,110818.0,1077374.0,82113.0,104138,508511,160571.0,55325,3419,317195,575079.0,33016.0,155005.0,20226.0,205919.0,67327.0,8245.0,114834.0,9923.0,90730.0,160366.0,7971.0,1468.0,3557.0,24898.0,144166.0,62737.0,6298.0,19696.0,5214.0,3864.0,0.0,0.0,0.0,0.0,2119.0,2763.0,0.0,0.0,0.0,0.0,0.0,0.0,0.0,0.0,0.0,0.0,0.0,0.0,0.0
190,2020-09-16,225796,98622,475265,114033.0,1097856.0,84482.0,105898,514208,162844.0,56654,3499,324036,583925.0,34407.0,158650.0,20601.0,209146.0,70777.0,8592.0,116183.0,10335.0,93053.0,160871.0,8210.0,1480.0,3574.0,25511.0,146575.0,64439.0,6466.0,20150.0,5229.0,4036.0,0.0,0.0,0.0,0.0,2173.0,2783.0,0.0,0.0,0.0,0.0,0.0,0.0,0.0,0.0,0.0,0.0,0.0,0.0,0.0
191,2020-09-17,230269,101316,484990,117863.0,1121221.0,87184.0,107680,519860,165003.0,58244,3535,330265,592760.0,35947.0,162920.0,21111.0,212383.0,73966.0,8958.0,117547.0,10795.0,95515.0,162463.0,8320.0,1506.0,3593.0,26139.0,148969.0,66074.0,6692.0,20676.0,5263.0,4195.0,0.0,0.0,0.0,0.0,2221.0,2810.0,0.0,0.0,0.0,0.0,0.0,0.0,0.0,0.0,0.0,0.0,0.0,0.0,0.0
192,2020-09-18,234701,103773,494356,122214.0,1145840.0,90032.0,109473,525420,167046.0,59711,3576,336294,601462.0,37139.0,167161.0,21428.0,215580.0,77775.0,9256.0,118926.0,11190.0,97906.0,164051.0,8430.0,1534.0,3604.0,26783.0,150349.0,67100.0,6851.0,20949.0,5306.0,4356.0,0.0,0.0,0.0,0.0,2274.0,2831.0,0.0,0.0,0.0,0.0,0.0,0.0,0.0,0.0,0.0,0.0,0.0,0.0,0.0
193,2020-09-19,238828,106261,502982,126381.0,1167496.0,92833.0,111290,530908,169169.0,61041,3635,342788,609558.0,38007.0,171341.0,21913.0,218772.0,81617.0,9506.0,120336.0,11622.0,100458.0,165218.0,8607.0,1548.0,3631.0,27379.0,152858.0,68578.0,7005.0,21484.0,5357.0,4445.0,0.0,0.0,0.0,0.0,2303.0,2859.0,0.0,0.0,0.0,0.0,0.0,0.0,0.0,0.0,0.0,0.0,0.0,0.0,0.0
194,2020-09-20,242899,108952,511346,131005.0,1188015.0,95529.0,113124,536477,171306.0,62533,3708,348517,617776.0,40085.0,175550.0,22456.0,221960.0,84234.0,9796.0,121768.0,11908.0,103065.0,166788.0,8724.0,1578.0,3644.0,28022.0,155453.0,69860.0,7250.0,22032.0,5392.0,4557.0,0.0,0.0,0.0,0.0,2423.0,2887.0,0.0,0.0,0.0,0.0,0.0,0.0,0.0,0.0,0.0,0.0,0.0,0.0,0.0
195,2020-09-21,246711,111257,519537,135721.0,1208642.0,97689.0,114989,541993,172608.0,63990,3753,354275,625514.0,40963.0,179880.0,22926.0,225137.0,86183.0,10082.0,123175.0,12129.0,105644.0,169024.0,8894.0,1585.0,3651.0,28429.0,156680.0,71352.0,7385.0,22275.0,5451.0,4660.0,0.0,0.0,0.0,0.0,2472.0,2924.0,0.0,0.0,0.0,0.0,0.0,0.0,0.0,0.0,0.0,0.0,0.0,0.0,0.0
196,2020-09-22,249259,113075,526876,138631.0,1224380.0,99930.0,116881,547337,174774.0,65026,3832,358893,631749.0,41777.0,184122.0,23191.0,228302.0,88181.0,10298.0,124605.0,12438.0,108167.0,169651.0,9010.0,1692.0,3673.0,28753.0,159320.0,72673.0,7595.0,22834.0,5544.0,4733.0,0.0,0.0,0.0,0.0,2528.0,2933.0,0.0,0.0,0.0,0.0,0.0,0.0,0.0,0.0,0.0,0.0,0.0,0.0,0.0
197,2020-09-23,253075,114870,533850,142756.0,1242770.0,101341.0,118793,552674,177070.0,66261,3887,364543,639302.0,42651.0,188311.0,23684.0,231484.0,90917.0,10546.0,126007.0,12769.0,110711.0,171255.0,9280.0,1713.0,3691.0,29343.0,161393.0,73948.0,7844.0,23338.0,5604.0,4791.0,0.0,0.0,0.0,0.0,2594.0,2944.0,0.0,0.0,0.0,0.0,0.0,0.0,0.0,0.0,0.0,0.0,0.0,0.0,0.0
198,2020-09-24,256849,116712,541203,148606.0,1262866.0,103280.0,120756,558182,179348.0,67437,3928,369410,646843.0,43527.0,192599.0,24289.0,234676.0,93270.0,10757.0,127397.0,13077.0,113036.0,172663.0,9408.0,1749.0,3717.0,29947.0,163487.0,75193.0,8130.0,23734.0,5667.0,4934.0,0.0,0.0,0.0,0.0,2643.0,2960.0,0.0,0.0,0.0,0.0,0.0,0.0,0.0,0.0,0.0,0.0,0.0,0.0,0.0
199,2020-09-25,260623,118554,548557,154456.0,1282963.0,105220.0,122720,563691,181627.0,68614,3969,374277,654385.0,44404.0,196888.0,24895.0,237869.0,95623.0,10968.0,128787.0,13386.0,115361.0,174071.0,9537.0,1786.0,3744.0,30552.0,165582.0,76438.0,8416.0,24130.0,5730.0,5078.0,0.0,0.0,0.0,0.0,2692.0,2977.0,0.0,0.0,0.0,0.0,0.0,0.0,0.0,0.0,0.0,0.0,0.0,0.0,0.0
200,2020-09-26,264450,120578,557212,160933.0,1300757.0,107096.0,124730,569370,183866.0,69832,4025,378533,661458.0,45332.0,201096.0,25489.0,241059.0,98565.0,11212.0,130229.0,13679.0,117588.0,175525.0,9791.0,1835.0,3759.0,31071.0,167374.0,77709.0,8671.0,24408.0,5768.0,5158.0,0.0,0.0,0.0,0.0,2785.0,2989.0,0.0,0.0,0.0,0.0,0.0,0.0,0.0,0.0,0.0,0.0,0.0,0.0,0.0
201,2020-09-27,267822,122267,566023,167939.0,1321176.0,108684.0,126775,575017,185833.0,71049,4093,382835,668751.0,46281.0,205452.0,26032.0,244240.0,102461.0,11380.0,131646.0,13996.0,119899.0,177072.0,10051.0,1865.0,3774.0,31574.0,169110.0,78935.0,8869.0,24728.0,5862.0,5212.0,0.0,0.0,0.0,0.0,2833.0,2996.0,0.0,0.0,0.0,0.0,0.0,0.0,0.0,0.0,0.0,0.0,0.0,0.0,0.0
202,2020-09-28,271114,123782,575566,175384.0,1339232.0,110106.0,128859,580808,187211.0,72190,4103,387085,675674.0,47045.0,209374.0,26400.0,247425.0,104733.0,11553.0,133057.0,14191.0,122209.0,178702.0,10299.0,1908.0,3794.0,31958.0,169985.0,79909.0,9004.0,24921.0,5946.0,5302.0,0.0,0.0,0.0,0.0,2871.0,3002.0,0.0,0.0,0.0,0.0,0.0,0.0,0.0,0.0,0.0,0.0,0.0,0.0,0.0
203,2020-09-29,273098,125412,582458,179922.0,1351153.0,111375.0,130971,586397,189283.0,73014,4152,390875,681161.0,47502.0,212609.0,26685.0,250580.0,108458.0,11678.0,134461.0,14457.0,124166.0,179832.0,10477.0,1958.0,3803.0,32396.0,173629.0,81417.0,9332.0,25353.0,5957.0,5362.0,0.0,0.0,0.0,0.0,2896.0,3012.0,0.0,0.0,0.0,0.0,0.0,0.0,0.0,0.0,0.0,0.0,0.0,0.0,0.0
204,2020-09-30,276325,126974,592911,187276.0,1366129.0,112460.0,133119,591943,191386.0,74095,4195,394856,687351.0,47995.0,215676.0,27066.0,253768.0,110655.0,11816.0,135842.0,14747.0,126043.0,181285.0,10746.0,1986.0,3821.0,32777.0,177221.0,82540.0,9553.0,25734.0,6040.0,5463.0,0.0,0.0,0.0,0.0,2937.0,3032.0,0.0,0.0,0.0,0.0,0.0,0.0,0.0,0.0,0.0,0.0,0.0,0.0,0.0
205,2020-10-01,279538,128443,602374,195758.0,1383525.0,113805.0,135302,597616,193497.0,75129,4277,398978,693793.0,48621.0,219205.0,27545.0,257046.0,113404.0,11936.0,137212.0,14983.0,128065.0,182661.0,10928.0,2017.0,3834.0,33359.0,179808.0,83602.0,9786.0,26048.0,6142.0,5632.0,0.0,0.0,0.0,0.0,2993.0,3043.0,0.0,0.0,0.0,0.0,0.0,0.0,0.0,0.0,0.0,0.0,0.0,0.0,0.0
206,2020-10-02,282752,129912,611837,204241.0,1400922.0,115151.0,137485,603290,195609.0,76163,4360,403101,700235.0,49248.0,222734.0,28024.0,260324.0,116153.0,12057.0,138583.0,15219.0,130088.0,184038.0,11111.0,2049.0,3848.0,33942.0,182396.0,84664.0,10020.0,26362.0,6244.0,5802.0,0.0,0.0,0.0,0.0,3050.0,3054.0,0.0,0.0,0.0,0.0,0.0,0.0,0.0,0.0,0.0,0.0,0.0,0.0,0.0
207,2020-10-03,285672,131388,620630,213499.0,1416513.0,116213.0,139696,608885,197327.0,77253,4429,406995,706790.0,49559.0,226334.0,28534.0,263634.0,118790.0,12212.0,139893.0,15454.0,132107.0,185436.0,11397.0,2103.0,3858.0,34455.0,183812.0,85400.0,10220.0,26552.0,6318.0,6033.0,0.0,0.0,0.0,0.0,3092.0,3061.0,0.0,0.0,0.0,0.0,0.0,0.0,0.0,0.0,0.0,0.0,0.0,0.0,0.0
208,2020-10-04,288142,132633,630645,221692.0,1429961.0,117185.0,141863,614440,198969.0,78179,4475,410730,713023.0,50520.0,229523.0,28811.0,266982.0,121057.0,12328.0,141215.0,15652.0,133872.0,186802.0,11626.0,2111.0,3871.0,34891.0,185006.0,86305.0,10384.0,26792.0,6435.0,6344.0,0.0,0.0,0.0,0.0,3133.0,3074.0,0.0,0.0,0.0,0.0,0.0,0.0,0.0,0.0,0.0,0.0,0.0,0.0,0.0
209,2020-10-05,290613,133878,640661,229886.0,1443409.0,118157.0,144030,619996,200611.0,79106,4521,414466,719256.0,51481.0,232713.0,29089.0,270331.0,123324.0,12445.0,142538.0,15851.0,135638.0,188168.0,11855.0,2120.0,3884.0,35328.0,186200.0,87210.0,10548.0,27033.0,6552.0,6656.0,0.0,0.0,0.0,0.0,3174.0,3087.0,0.0,0.0,0.0,0.0,0.0,0.0,0.0,0.0,0.0,0.0,0.0,0.0,0.0
210,2020-10-06,292560,134909,647712,234928.0,1453653.0,119184.0,146195,625391,202594.0,79738,4641,417437,723512.0,51991.0,235330.0,29277.0,273679.0,126005.0,12578.0,143865.0,16033.0,137098.0,189442.0,12105.0,2128.0,3899.0,35719.0,187718.0,88026.0,10783.0,27308.0,6594.0,6767.0,0.0,0.0,0.0,0.0,3191.0,3092.0,0.0,0.0,0.0,0.0,0.0,0.0,0.0,0.0,0.0,0.0,0.0,0.0,0.0
211,2020-10-07,295333,136153,658182,244166.0,1467071.0,120022.0,148331,630623,204619.0,80417,4721,420881,728969.0,52475.0,238164.0,29719.0,277091.0,128872.0,12699.0,145269.0,16299.0,138702.0,190713.0,12297.0,2139.0,3917.0,36194.0,188963.0,88864.0,11025.0,27533.0,6654.0,6966.0,0.0,0.0,0.0,0.0,3212.0,3106.0,0.0,0.0,0.0,0.0,0.0,0.0,0.0,0.0,0.0,0.0,0.0,0.0,0.0
212,2020-10-08,298107,137398,668652,253405.0,1480489.0,120860.0,150467,635855,206644.0,81097,4802,424326,734427.0,52959.0,240998.0,30161.0,280504.0,131739.0,12820.0,146673.0,16565.0,140307.0,191985.0,12489.0,2150.0,3935.0,36670.0,190209.0,89702.0,11267.0,27759.0,6715.0,7165.0,0.0,0.0,0.0,0.0,3234.0,3120.0,0.0,0.0,0.0,0.0,0.0,0.0,0.0,0.0,0.0,0.0,0.0,0.0,0.0
213,2020-10-09,300833,138682,679356,258850.0,1493884.0,121716.0,152605,640943,208535.0,81793,4902,427459,739719.0,53359.0,244142.0,30539.0,284030.0,134612.0,12922.0,147789.0,16778.0,142022.0,193072.0,12679.0,2157.0,3952.0,37102.0,191397.0,90486.0,11479.0,27982.0,6736.0,7261.0,0.0,0.0,0.0,0.0,3246.0,3132.0,0.0,0.0,0.0,0.0,0.0,0.0,0.0,0.0,0.0,0.0,0.0,0.0,0.0
214,2020-10-10,303693,139932,690269,268100.0,1506018.0,122459.0,154785,646128,210346.0,82429,4987,430666,744864.0,54063.0,246839.0,30904.0,287603.0,137570.0,12985.0,149032.0,16977.0,143629.0,194329.0,12810.0,2162.0,3976.0,37591.0,192416.0,91254.0,11760.0,28153.0,6888.0,7388.0,0.0,0.0,0.0,0.0,3278.0,3140.0,0.0,0.0,0.0,0.0,0.0,0.0,0.0,0.0,0.0,0.0,0.0,0.0,0.0
215,2020-10-11,306559,141090,700786,279855.0,1517434.0,123317.0,156908,651370,212063.0,83064,5059,433712,750517.0,54525.0,249693.0,31233.0,291194.0,140258.0,13081.0,150253.0,17244.0,145245.0,195499.0,13092.0,2175.0,3992.0,37934.0,193387.0,91951.0,11998.0,28352.0,6949.0,7544.0,0.0,0.0,0.0,0.0,3321.0,3152.0,0.0,0.0,0.0,0.0,0.0,0.0,0.0,0.0,0.0,0.0,0.0,0.0,0.0
216,2020-10-12,309339,142155,710309,289202.0,1528226.0,123973.0,159052,656385,213084.0,83633,5081,436979,755727.0,55051.0,252239.0,31549.0,294806.0,142372.0,13162.0,151434.0,17408.0,146820.0,196531.0,13326.0,2184.0,4005.0,38366.0,193783.0,92525.0,12147.0,28461.0,7019.0,7683.0,0.0,0.0,0.0,0.0,3359.0,3163.0,0.0,0.0,0.0,0.0,0.0,0.0,0.0,0.0,0.0,0.0,0.0,0.0,0.0
217,2020-10-13,311188,143221,717915,295132.0,1535315.0,124535.0,161184,661264,214792.0,84031,5151,439161,758951.0,55347.0,254662.0,31737.0,298389.0,145247.0,13260.0,152603.0,17578.0,148298.0,197535.0,13556.0,2202.0,4023.0,38674.0,195304.0,93035.0,12367.0,28678.0,7240.0,7771.0,0.0,0.0,0.0,0.0,3366.0,3168.0,0.0,0.0,0.0,0.0,0.0,0.0,0.0,0.0,0.0,0.0,0.0,0.0,0.0
218,2020-10-14,314224,144302,726106,303896.0,1543837.0,125211.0,163219,665930,216238.0,84708,5238,442118,763573.0,55641.0,256937.0,32004.0,302020.0,147866.0,13331.0,153761.0,17762.0,149761.0,198855.0,13793.0,2212.0,4036.0,39082.0,196786.0,93736.0,12561.0,28859.0,7363.0,7838.0,0.0,0.0,0.0,0.0,3417.0,3168.0,0.0,0.0,0.0,0.0,0.0,0.0,0.0,0.0,0.0,0.0,0.0,0.0,0.0
219,2020-10-15,317548,145507,735371,310140.0,1554389.0,125760.0,165240,670392,217670.0,85409,5304,444711,767465.0,56070.0,259541.0,32245.0,305697.0,150696.0,13403.0,154936.0,18008.0,155276.0,200103.0,14094.0,2220.0,4046.0,39438.0,198213.0,94369.0,12768.0,29031.0,7416.0,7991.0,0.0,0.0,0.0,0.0,3459.0,3171.0,0.0,0.0,0.0,0.0,0.0,0.0,0.0,0.0,0.0,0.0,0.0,0.0,0.0
220,2020-10-16,321031,146706,743848,317929.0,1564615.0,126230.0,167279,674802,219224.0,86057,5393,447383,771503.0,56493.0,262011.0,32486.0,309417.0,153515.0,13477.0,156121.0,18303.0,156584.0,201196.0,14378.0,2229.0,4062.0,39770.0,198982.0,94952.0,12971.0,29193.0,7492.0,8164.0,0.0,0.0,0.0,0.0,3500.0,3172.0,0.0,0.0,0.0,0.0,0.0,0.0,0.0,0.0,0.0,0.0,0.0,0.0,0.0
221,2020-10-17,324459,147933,751390,325212.0,1576062.0,126737.0,169289,679191,220675.0,86754,5441,449935,775470.0,57042.0,264149.0,32766.0,313188.0,155987.0,13532.0,157312.0,18522.0,157936.0,202290.0,14715.0,2245.0,4072.0,40091.0,199749.0,95425.0,13169.0,29327.0,7604.0,8303.0,0.0,0.0,0.0,0.0,3531.0,3177.0,0.0,0.0,0.0,0.0,0.0,0.0,0.0,0.0,0.0,0.0,0.0,0.0,0.0
222,2020-10-18,327718,149081,758574,334228.0,1586321.0,127154.0,171281,683486,222111.0,87364,5534,452660,779146.0,57648.0,266345.0,32978.0,317053.0,158502.0,13582.0,158473.0,18797.0,159158.0,203457.0,15141.0,2253.0,4083.0,40400.0,200391.0,95967.0,13348.0,29468.0,7698.0,8404.0,0.0,0.0,0.0,0.0,3567.0,3180.0,0.0,0.0,0.0,0.0,0.0,0.0,0.0,0.0,0.0,0.0,0.0,0.0,0.0
223,2020-10-19,331017,150033,765586,341859.0,1595381.0,127630.0,173266,687400,223059.0,87942,5598,455146,783132.0,58024.0,268364.0,33141.0,321036.0,160396.0,13646.0,159564.0,18967.0,160188.0,204363.0,15463.0,2253.0,4108.0,40587.0,200709.0,96352.0,13406.0,29553.0,7816.0,8508.0,0.0,0.0,0.0,0.0,3597.0,3183.0,0.0,0.0,0.0,0.0,0.0,0.0,0.0,0.0,0.0,0.0,0.0,0.0,0.0
224,2020-10-20,333171,151234,770604,346881.0,1601365.0,128103.0,175226,690936,224545.0,88369,5647,456865,786050.0,58360.0,270346.0,33247.0,325028.0,162772.0,13686.0,160560.0,19135.0,161203.0,205945.0,15778.0,2280.0,4126.0,40746.0,201407.0,96842.0,13643.0,29688.0,7953.0,8536.0,0.0,0.0,0.0,0.0,3601.0,3185.0,0.0,0.0,0.0,0.0,0.0,0.0,0.0,0.0,0.0,0.0,0.0,0.0,0.0
225,2020-10-21,336750,152174,776901,353472.0,1609516.0,128590.0,177123,694030,226124.0,88958,5695,459154,789553.0,58601.0,272250.0,33452.0,329057.0,165279.0,13743.0,161686.0,19357.0,162178.0,207405.0,16062.0,2310.0,4141.0,41031.0,202073.0,97414.0,13778.0,29800.0,8020.0,8593.0,0.0,0.0,0.0,0.0,3643.0,3194.0,0.0,0.0,0.0,0.0,0.0,0.0,0.0,0.0,0.0,0.0,0.0,0.0,0.0
226,2020-10-22,340436,153367,782773,361841.0,1617658.0,129088.0,178933,697116,227580.0,89582,5781,461475,793299.0,59106.0,274181.0,33622.0,333126.0,167639.0,13795.0,162823.0,19621.0,163296.0,208377.0,16267.0,2341.0,4168.0,41339.0,202774.0,98061.0,13912.0,29925.0,8139.0,8621.0,0.0,0.0,0.0,0.0,3677.0,3207.0,0.0,0.0,0.0,0.0,0.0,0.0,0.0,0.0,0.0,0.0,0.0,0.0,0.0
227,2020-10-23,344318,154495,788551,369323.0,1625197.0,129693.0,180755,700193,229001.0,90166,5812,463858,796919.0,59508.0,276094.0,33832.0,337283.0,170130.0,13848.0,163959.0,19844.0,164341.0,209447.0,16621.0,2359.0,4184.0,41586.0,203282.0,98610.0,14077.0,30070.0,8296.0,8720.0,0.0,0.0,0.0,0.0,3727.0,3213.0,0.0,0.0,0.0,0.0,0.0,0.0,0.0,0.0,0.0,0.0,0.0,0.0,0.0
228,2020-10-24,348404,155765,793907,377834.0,1632544.0,130157.0,182570,703250,230274.0,90752,5840,466060,800684.0,59796.0,277887.0,33986.0,341426.0,172580.0,13920.0,165071.0,20040.0,165294.0,210196.0,16777.0,2387.0,4207.0,41813.0,203709.0,99045.0,14145.0,30135.0,8436.0,8801.0,0.0,0.0,0.0,0.0,3770.0,3220.0,0.0,0.0,0.0,0.0,0.0,0.0,0.0,0.0,0.0,0.0,0.0,0.0,0.0
229,2020-10-25,352520,157064,798378,386087.0,1638961.0,130640.0,184422,706136,231252.0,91329,5913,468238,804026.0,60155.0,279582.0,34112.0,345574.0,174591.0,13977.0,166092.0,20213.0,166298.0,211258.0,17022.0,2447.0,4225.0,42031.0,203967.0,99428.0,14211.0,30221.0,8515.0,8882.0,0.0,0.0,0.0,0.0,3819.0,3225.0,0.0,0.0,0.0,0.0,0.0,0.0,0.0,0.0,0.0,0.0,0.0,0.0,0.0
230,2020-10-26,356656,158304,802817,392930.0,1645020.0,131055.0,186243,709005,231834.0,91861,5933,470270,807023.0,60376.0,281215.0,34193.0,349701.0,175959.0,14038.0,167011.0,20370.0,167249.0,211689.0,17162.0,2493.0,4245.0,42242.0,204171.0,99686.0,14244.0,30257.0,8626.0,9018.0,0.0,0.0,0.0,0.0,3835.0,3228.0,0.0,0.0,0.0,0.0,0.0,0.0,0.0,0.0,0.0,0.0,0.0,0.0,0.0
231,2020-10-27,359488,159457,805947,397217.0,1648665.0,131391.0,188048,711713,232671.0,92225,5978,472077,808924.0,60744.0,282695.0,34336.0,353822.0,177608.0,14085.0,167919.0,20586.0,167969.0,212355.0,17424.0,2527.0,4253.0,42532.0,204386.0,99906.0,14391.0,30293.0,8663.0,9066.0,0.0,0.0,0.0,0.0,3840.0,3228.0,0.0,0.0,0.0,0.0,0.0,0.0,0.0,0.0,0.0,0.0,0.0,0.0,0.0
232,2020-10-28,364341,160705,809638,402674.0,1654028.0,131737.0,189844,714235,234152.0,92677,6024,474054,811825.0,60957.0,283942.0,34482.0,357779.0,179654.0,14152.0,168911.0,20817.0,168483.0,213085.0,17604.0,2607.0,4274.0,42747.0,204789.0,100224.0,14472.0,30453.0,8726.0,9136.0,0.0,0.0,0.0,0.0,3863.0,3231.0,0.0,0.0,0.0,0.0,0.0,0.0,0.0,0.0,0.0,0.0,0.0,0.0,0.0
233,2020-10-29,370014,162223,812784,411464.0,1660766.0,132263.0,191629,716751,235656.0,93213,6085,476034,814774.0,61261.0,285482.0,34583.0,361703.0,181583.0,14212.0,169891.0,21149.0,169271.0,213576.0,17809.0,2656.0,4289.0,42968.0,205237.0,100569.0,14580.0,30566.0,8824.0,9226.0,0.0,0.0,0.0,0.0,3875.0,3237.0,0.0,0.0,0.0,0.0,0.0,0.0,0.0,0.0,0.0,0.0,0.0,0.0,0.0
234,2020-10-30,375753,163817,816809,418484.0,1666668.0,132727.0,193419,719403,237187.0,93764,6139,477895,817679.0,61566.0,287099.0,34761.0,365692.0,183588.0,14292.0,170878.0,21476.0,169999.0,214242.0,18051.0,2694.0,4305.0,43201.0,205635.0,100964.0,14668.0,30663.0,8894.0,9303.0,0.0,0.0,0.0,0.0,3893.0,3243.0,0.0,0.0,0.0,0.0,0.0,0.0,0.0,0.0,0.0,0.0,0.0,0.0,0.0
235,2020-10-31,381644,165467,820398,425122.0,1672858.0,133158.0,195213,722011,238632.0,94330,6194,480082,820565.0,61915.0,288646.0,34908.0,369671.0,185306.0,14351.0,171847.0,21798.0,170690.0,215327.0,18272.0,2722.0,4317.0,43416.0,206015.0,101287.0,14752.0,30717.0,8945.0,9382.0,0.0,0.0,0.0,0.0,3913.0,3248.0,0.0,0.0,0.0,0.0,0.0,0.0,0.0,0.0,0.0,0.0,0.0,0.0,0.0
236,2020-11-01,386706,167210,823412,433105.0,1678406.0,133658.0,196993,724522,240048.0,94785,6270,481863,823348.0,62328.0,290116.0,35013.0,373664.0,187270.0,14418.0,172782.0,22059.0,171359.0,216086.0,18502.0,2753.0,4332.0,43626.0,206351.0,101761.0,14852.0,30794.0,9047.0,9452.0,0.0,0.0,0.0,0.0,3940.0,3251.0,0.0,0.0,0.0,0.0,0.0,0.0,0.0,0.0,0.0,0.0,0.0,0.0,0.0
237,2020-11-02,392370,168880,827064,440130.0,1683775.0,133975.0,198747,727026,240970.0,95325,6287,483832,825966.0,62550.0,291825.0,35109.0,377651.0,188813.0,14476.0,173642.0,22264.0,172082.0,216707.0,18750.0,2757.0,4340.0,43768.0,206517.0,102087.0,14881.0,30852.0,9075.0,9607.0,0.0,0.0,0.0,0.0,3958.0,3255.0,0.0,0.0,0.0,0.0,0.0,0.0,0.0,0.0,0.0,0.0,0.0,0.0,0.0
238,2020-11-03,396371,170446,829640,444268.0,1687784.0,134371.0,200495,729507,242506.0,95710,6357,485609,827882.0,62881.0,293214.0,35178.0,381608.0,190513.0,14528.0,174517.0,22598.0,172717.0,217277.0,19091.0,2792.0,4352.0,43954.0,206982.0,102490.0,14998.0,30989.0,9096.0,9678.0,0.0,0.0,0.0,0.0,3967.0,3257.0,0.0,0.0,0.0,0.0,0.0,0.0,0.0,0.0,0.0,0.0,0.0,0.0,0.0
239,2020-11-04,403096,172130,832396,451130.0,1692693.0,134786.0,202220,731942,244143.0,96188,6441,487335,830731.0,63197.0,294415.0,35325.0,385589.0,192237.0,14608.0,175471.0,22932.0,173384.0,218203.0,19241.0,2893.0,4372.0,44189.0,207361.0,102887.0,15083.0,31105.0,9151.0,9741.0,0.0,0.0,0.0,0.0,4004.0,3257.0,0.0,0.0,0.0,0.0,0.0,0.0,0.0,0.0,0.0,0.0,0.0,0.0,0.0
240,2020-11-05,409938,174082,835773,459646.0,1698198.0,135313.0,203990,734429,245682.0,96700,6553,489502,833208.0,63585.0,295889.0,35429.0,389576.0,194499.0,14702.0,176446.0,23365.0,174091.0,218605.0,19503.0,2958.0,4389.0,44372.0,207741.0,103188.0,15160.0,31237.0,9207.0,9801.0,0.0,0.0,0.0,0.0,4067.0,3262.0,0.0,0.0,0.0,0.0,0.0,0.0,0.0,0.0,0.0,0.0,0.0,0.0,0.0
241,2020-11-06,416653,176146,838929,466466.0,1703444.0,135834.0,205800,736777,247284.0,97224,6633,491354,835953.0,64065.0,297274.0,35550.0,393524.0,196233.0,14794.0,177436.0,23809.0,174825.0,219349.0,19725.0,2990.0,4403.0,44544.0,208054.0,103543.0,15244.0,31347.0,9264.0,9893.0,0.0,0.0,0.0,0.0,4093.0,3268.0,0.0,0.0,0.0,0.0,0.0,0.0,0.0,0.0,0.0,0.0,0.0,0.0,0.0
242,2020-11-07,423831,178413,841889,473468.0,1710314.0,136481.0,207597,739147,248891.0,97805,6718,493527,838363.0,64538.0,298768.0,35675.0,397466.0,197991.0,14927.0,178471.0,24239.0,175603.0,220099.0,19891.0,3032.0,4420.0,44747.0,208389.0,103899.0,15325.0,31434.0,9327.0,9979.0,0.0,0.0,0.0,0.0,4144.0,3272.0,0.0,0.0,0.0,0.0,0.0,0.0,0.0,0.0,0.0,0.0,0.0,0.0,0.0
243,2020-11-08,430784,180424,844147,480669.0,1714273.0,136958.0,209438,741488,250331.0,98337,6790,495421,840730.0,65036.0,300140.0,35744.0,401394.0,199562.0,15025.0,179517.0,24812.0,176468.0,220936.0,20131.0,3090.0,4441.0,44916.0,208637.0,104239.0,15389.0,31517.0,9455.0,10047.0,0.0,0.0,0.0,0.0,4195.0,3273.0,0.0,0.0,0.0,0.0,0.0,0.0,0.0,0.0,0.0,0.0,0.0,0.0,0.0
244,2020-11-09,438529,182804,846887,486109.0,1719858.0,137445.0,211310,743822,251188.0,98892,6809,497563,842967.0,65279.0,301574.0,35838.0,405314.0,200937.0,15134.0,180537.0,25486.0,177359.0,221624.0,20376.0,3096.0,4450.0,45065.0,208789.0,104442.0,15436.0,31543.0,9474.0,10202.0,0.0,0.0,0.0,0.0,4245.0,3274.0,0.0,0.0,0.0,0.0,0.0,0.0,0.0,0.0,0.0,0.0,0.0,0.0,0.0
245,2020-11-10,443552,185231,848850,489702.0,0.0,137999.0,213169,746079,252455.0,99352,6934,499199,844359.0,65677.0,302793.0,35900.0,409221.0,202523.0,15249.0,181508.0,26197.0,178168.0,222917.0,20558.0,3156.0,4463.0,45209.0,209117.0,104688.0,15484.0,31622.0,9503.0,10230.0,0.0,0.0,0.0,0.0,4257.0,3274.0,0.0,0.0,0.0,1723135.0,0.0,0.0,0.0,0.0,0.0,0.0,0.0,0.0,0.0
246,2020-11-11,451382,187777,851212,495712.0,1726926.0,138485.0,215071,748225,253651.0,99844,7063,501311,846245.0,66005.0,303780.0,36000.0,413112.0,204202.0,15339.0,182557.0,26808.0,179068.0,223346.0,20777.0,3217.0,4477.0,45389.0,209388.0,104940.0,15581.0,31706.0,9536.0,10296.0,0.0,0.0,0.0,0.0,4308.0,3275.0,0.0,0.0,0.0,0.0,0.0,0.0,0.0,0.0,0.0,0.0,0.0,0.0,0.0
247,2020-11-12,459975,190323,853796,502719.0,1731833.0,139184.0,217151,750409,254666.0,100351,7134,503159,847977.0,66788.0,305000.0,36114.0,416984.0,205923.0,15434.0,183682.0,27418.0,179951.0,223917.0,20950.0,3242.0,4494.0,45498.0,209633.0,105224.0,15657.0,31765.0,9578.0,10368.0,0.0,0.0,0.0,0.0,4344.0,3275.0,0.0,0.0,0.0,0.0,0.0,0.0,0.0,0.0,0.0,0.0,0.0,0.0,0.0
248,2020-11-13,467028,193111,855912,508256.0,1736329.0,139869.0,219327,752521,255663.0,100968,7211,505426,849705.0,67239.0,305986.0,36179.0,420840.0,207740.0,15543.0,184964.0,28183.0,180997.0,224524.0,21211.0,3309.0,4507.0,45605.0,209835.0,105493.0,15701.0,31841.0,9615.0,10511.0,0.0,0.0,0.0,0.0,4368.0,3278.0,0.0,0.0,0.0,0.0,0.0,0.0,0.0,0.0,0.0,0.0,0.0,0.0,0.0
249,2020-11-14,474830,195799,857928,514060.0,1740461.0,140605.0,221471,754460,256713.0,101594,7291,507602,851298.0,67706.0,307004.0,36252.0,424675.0,209288.0,15636.0,186116.0,29008.0,182045.0,225124.0,21425.0,3368.0,4518.0,45761.0,210068.0,105781.0,15758.0,31919.0,9638.0,10581.0,0.0,0.0,0.0,0.0,4415.0,3281.0,0.0,0.0,0.0,0.0,0.0,0.0,0.0,0.0,0.0,0.0,0.0,0.0,0.0
250,2020-11-15,482170,197917,860082,520417.0,1744698.0,0.0,223633,756372,257374.0,102159,7356,509903,852955.0,68002.0,307906.0,36299.0,428498.0,210004.0,0.0,187240.0,29330.0,183057.0,225595.0,21636.0,3393.0,4527.0,45845.0,210175.0,105935.0,15792.0,31945.0,9750.0,10632.0,0.0,0.0,0.0,0.0,4456.0,3285.0,0.0,0.0,0.0,0.0,15636.0,140605.0,0.0,0.0,0.0,0.0,0.0,0.0,0.0
251,2020-11-16,485405,199874,861647,524998.0,1747242.0,141658.0,225817,758191,257876.0,102619,7396,511304,854011.0,68215.0,308659.0,36324.0,431551.0,210534.0,15804.0,188310.0,29713.0,183927.0,225901.0,21871.0,3396.0,4536.0,45903.0,210268.0,106064.0,15812.0,31962.0,9885.0,10665.0,0.0,0.0,0.0,0.0,4498.0,3291.0,0.0,0.0,0.0,0.0,0.0,0.0,0.0,0.0,0.0,0.0,0.0,0.0,0.0
252,2020-11-17,489202,202027,862804,527708.0,1749777.0,142082.0,227986,759916,258828.0,103009,7493,512850,854764.0,68458.0,309408.0,36337.0,434563.0,211644.0,15886.0,189236.0,30156.0,184524.0,226417.0,22049.0,3444.0,4557.0,46028.0,210454.0,106230.0,15868.0,32039.0,10025.0,10706.0,0.0,0.0,0.0,0.0,4521.0,3294.0,0.0,0.0,0.0,0.0,0.0,0.0,0.0,0.0,0.0,0.0,0.0,0.0,0.0
253,2020-11-18,495598,204477,864140,533500.0,1752509.0,142597.0,230180,761568,259776.0,103581,7563,514270,856159.0,68887.0,310052.0,36409.0,438217.0,213365.0,16022.0,190361.0,30740.0,185446.0,227018.0,22208.0,3481.0,4574.0,46182.0,210696.0,106491.0,15904.0,32112.0,10188.0,10791.0,0.0,0.0,0.0,0.0,4548.0,3297.0,0.0,0.0,0.0,0.0,0.0,0.0,0.0,0.0,0.0,0.0,0.0,0.0,0.0
254,2020-11-19,503084,207039,865931,539919.0,1757520.0,143395.0,232358,763282,260834.0,104155,7623,516616,857395.0,69307.0,310920.0,36465.0,441885.0,215413.0,16167.0,191642.0,31401.0,186655.0,227822.0,22318.0,3513.0,4593.0,46344.0,210865.0,106742.0,15945.0,32217.0,10366.0,10870.0,0.0,0.0,0.0,0.0,4577.0,3305.0,0.0,0.0,0.0,0.0,0.0,0.0,0.0,0.0,0.0,0.0,0.0,0.0,0.0
255,2020-11-20,510630,209251,867780,545641.0,1763055.0,144177.0,234907,764989,261728.0,104715,7714,519148,858711.0,69693.0,311788.0,36533.0,445505.0,217562.0,16322.0,192982.0,32197.0,188018.0,228511.0,22548.0,3541.0,4604.0,46480.0,211040.0,106972.0,15976.0,32292.0,10460.0,10979.0,0.0,0.0,0.0,0.0,4609.0,3307.0,0.0,0.0,0.0,0.0,0.0,0.0,0.0,0.0,0.0,0.0,0.0,0.0,0.0
256,2020-11-21,517238,212355,869561,551669.0,1768695.0,144995.0,237669,766677,262653.0,105376,7787,521988,859932.0,70205.0,312545.0,36585.0,449131.0,219404.0,16472.0,194402.0,32785.0,189546.0,228886.0,22748.0,3607.0,4617.0,46632.0,211204.0,107157.0,16001.0,32367.0,10608.0,11152.0,0.0,0.0,0.0,0.0,4632.0,3316.0,0.0,0.0,0.0,0.0,0.0,0.0,0.0,0.0,0.0,0.0,0.0,0.0,0.0
257,2020-11-22,523117,215021,871342,557441.0,1774455.0,145667.0,240676,768340,263526.0,105984,7866,524223,861092.0,70790.0,313323.0,36648.0,452770.0,221688.0,16591.0,195917.0,33700.0,191246.0,229177.0,23018.0,3647.0,4631.0,46748.0,211427.0,107332.0,16037.0,32415.0,10674.0,11269.0,0.0,0.0,0.0,0.0,4691.0,3317.0,0.0,0.0,0.0,0.0,0.0,0.0,0.0,0.0,0.0,0.0,0.0,0.0,0.0
258,2020-11-23,529863,217300,873046,562695.0,1780208.0,146346.0,243936,769995,264128.0,106548,7939,526780,862213.0,71256.0,313961.0,36693.0,456361.0,223436.0,16671.0,197412.0,34327.0,193044.0,229544.0,23400.0,3660.0,4641.0,46826.0,211513.0,107469.0,16061.0,32434.0,10777.0,11339.0,0.0,0.0,0.0,0.0,4722.0,3321.0,0.0,0.0,0.0,0.0,0.0,0.0,0.0,0.0,0.0,0.0,0.0,0.0,0.0
259,2020-11-24,534317,219963,874555,566452.0,1784361.0,147057.0,247168,771619,265049.0,106899,7945,528833,862758.0,71632.0,314629.0,36718.0,459918.0,225497.0,16769.0,198899.0,34781.0,194745.0,230094.0,23650.0,3710.0,4656.0,46901.0,211682.0,107688.0,16092.0,32493.0,10852.0,11397.0,0.0,0.0,0.0,0.0,4736.0,3325.0,0.0,0.0,0.0,0.0,0.0,0.0,0.0,0.0,0.0,0.0,0.0,0.0,0.0
260,2020-11-25,540541,222292,876425,571872.0,1789800.0,147665.0,250482,773176,266042.0,107330,8028,531050,863843.0,72160.0,315271.0,36769.0,463463.0,227326.0,16848.0,200409.0,35729.0,196511.0,230845.0,23940.0,3745.0,4667.0,47068.0,211839.0,107921.0,16144.0,32528.0,10931.0,11454.0,0.0,0.0,0.0,0.0,4777.0,3325.0,0.0,0.0,0.0,0.0,0.0,0.0,0.0,0.0,0.0,0.0,0.0,0.0,0.0
261,2020-11-26,545787,224489,878055,578363.0,1795959.0,148435.0,253767,774710,266904.0,107819,8119,533355,864674.0,72642.0,316001.0,36820.0,466991.0,229203.0,16925.0,201949.0,36566.0,198284.0,231539.0,24133.0,3765.0,4677.0,47193.0,212021.0,108158.0,16174.0,32578.0,10991.0,11513.0,0.0,0.0,0.0,0.0,4819.0,3327.0,0.0,0.0,0.0,0.0,0.0,0.0,0.0,0.0,0.0,0.0,0.0,0.0,0.0
262,2020-11-27,551262,226611,879560,583741.0,1802365.0,149278.0,256947,776174,267665.0,108306,8228,535449,865705.0,72997.0,316645.0,36840.0,470498.0,230956.0,17051.0,203509.0,37497.0,199952.0,232235.0,24292.0,3788.0,4682.0,47341.0,212171.0,108388.0,16204.0,32610.0,11060.0,11581.0,0.0,0.0,0.0,0.0,4871.0,3328.0,0.0,0.0,0.0,0.0,0.0,0.0,0.0,0.0,0.0,0.0,0.0,0.0,0.0
263,2020-11-28,556744,228746,881086,587707.0,1808550.0,150086.0,260040,777616,268418.0,108871,8272,537747,866438.0,73527.0,317239.0,36856.0,473987.0,232835.0,17157.0,205116.0,38327.0,201597.0,232916.0,24514.0,3806.0,4689.0,47491.0,212320.0,108577.0,16231.0,32641.0,11091.0,11633.0,0.0,0.0,0.0,0.0,4908.0,3330.0,0.0,0.0,0.0,0.0,0.0,0.0,0.0,0.0,0.0,0.0,0.0,0.0,0.0
264,2020-11-29,561742,230713,882608,593957.0,1814515.0,150805.0,262805,779046,269223.0,109383,8328,539899,867063.0,73951.0,317789.0,36902.0,477446.0,234725.0,17246.0,206714.0,38977.0,203231.0,233572.0,24749.0,3822.0,4698.0,47689.0,212483.0,108786.0,16262.0,32674.0,11115.0,11704.0,0.0,0.0,0.0,0.0,4967.0,3330.0,0.0,0.0,0.0,0.0,0.0,0.0,0.0,0.0,0.0,0.0,0.0,0.0,0.0
265,2020-11-30,566648,232522,883899,599600.0,1820059.0,151538.0,265386,780505,269816.0,109854,8403,541873,867683.0,74340.0,318307.0,36935.0,480813.0,235998.0,17342.0,208278.0,40003.0,204745.0,234119.0,24910.0,3826.0,4704.0,47804.0,212617.0,108984.0,16269.0,32695.0,11159.0,11740.0,0.0,0.0,0.0,0.0,4985.0,3332.0,0.0,0.0,0.0,0.0,0.0,0.0,0.0,0.0,0.0,0.0,0.0,0.0,0.0
266,2020-12-01,570374,234126,884897,602982.0,1823896.0,152091.0,268063,781915,270318.0,110224,8415,543888,868064.0,74795.0,318725.0,36968.0,483484.0,237322.0,17409.0,209780.0,40518.0,206128.0,234610.0,25045.0,3847.0,4710.0,47963.0,212776.0,109151.0,16282.0,32726.0,11186.0,11810.0,0.0,0.0,0.0,0.0,4989.0,3332.0,0.0,0.0,0.0,0.0,0.0,0.0,0.0,0.0,0.0,0.0,0.0,0.0,0.0
267,2020-12-02,574380,235997,886227,608357.0,1828826.0,152709.0,270410,783319,270883.0,110678,8477,545545,868749.0,75268.0,319103.0,37020.0,486799.0,239215.0,17537.0,211257.0,41227.0,207485.0,235152.0,25243.0,3869.0,4718.0,48124.0,212998.0,109332.0,16296.0,32764.0,11209.0,11875.0,0.0,0.0,0.0,0.0,5031.0,3334.0,0.0,0.0,0.0,0.0,0.0,0.0,0.0,0.0,0.0,0.0,0.0,0.0,0.0
268,2020-12-03,578324,237604,887667,614673.0,1832176.0,153308.0,272400,784747,271492.0,111130,8623,547308,869412.0,75784.0,319583.0,37079.0,490070.0,240863.0,17642.0,212769.0,41860.0,208924.0,235839.0,25390.0,3881.0,4723.0,48241.0,213171.0,109538.0,16320.0,32803.0,11254.0,11954.0,0.0,0.0,0.0,0.0,5072.0,3340.0,0.0,0.0,0.0,0.0,0.0,0.0,0.0,0.0,0.0,0.0,0.0,0.0,0.0
269,2020-12-04,582058,239239,889113,620049.0,1837358.0,154064.0,274486,786163,272123.0,111712,8691,549228,870076.0,76275.0,320017.0,37119.0,493316.0,242418.0,17717.0,214309.0,42697.0,210374.0,236420.0,25536.0,3888.0,4729.0,48365.0,213336.0,109771.0,16348.0,32836.0,11283.0,12005.0,0.0,0.0,0.0,0.0,5100.0,3340.0,0.0,0.0,0.0,0.0,0.0,0.0,0.0,0.0,0.0,0.0,0.0,0.0,0.0
270,2020-12-05,586125,240841,890360,625767.0,1842587.0,154788.0,276420,787554,272719.0,112256,8732,551179,870675.0,76893.0,320394.0,37165.0,496522.0,243997.0,17828.0,215819.0,43500.0,211698.0,237006.0,25691.0,3913.0,4742.0,48459.0,213505.0,109990.0,16367.0,32860.0,11305.0,12067.0,0.0,0.0,0.0,0.0,5147.0,3340.0,0.0,0.0,0.0,0.0,0.0,0.0,0.0,0.0,0.0,0.0,0.0,0.0,0.0
271,2020-12-06,589544,242398,891685,631615.0,1847509.0,155424.0,278496,788920,273341.0,112757,8840,553012,871305.0,77573.0,320803.0,37209.0,499697.0,245580.0,17926.0,217333.0,44405.0,213050.0,237552.0,25857.0,3934.0,4747.0,48574.0,213662.0,110186.0,16384.0,32891.0,11340.0,12164.0,0.0,0.0,0.0,0.0,5168.0,3341.0,0.0,0.0,0.0,0.0,0.0,0.0,0.0,0.0,0.0,0.0,0.0,0.0,0.0
272,2020-12-07,592250,243896,893006,636392.0,1852266.0,156226.0,280585,790240,273858.0,113288,8893,554944,871972.0,77997.0,321196.0,37224.0,502840.0,246809.0,18027.0,218788.0,44958.0,214505.0,238106.0,26073.0,3936.0,4758.0,48686.0,213759.0,110278.0,16395.0,32897.0,11379.0,12237.0,0.0,0.0,0.0,0.0,5197.0,3342.0,0.0,0.0,0.0,0.0,0.0,0.0,0.0,0.0,0.0,0.0,0.0,0.0,0.0
273,2020-12-08,593924,245288,894004,639664.0,1855341.0,156839.0,282512,791552,274540.0,113568,8896,556397,872288.0,78509.0,321564.0,37270.0,505054.0,248232.0,18113.0,220168.0,45697.0,215957.0,238648.0,26225.0,3968.0,4773.0,48776.0,213925.0,110457.0,16415.0,32925.0,11418.0,12314.0,0.0,0.0,0.0,0.0,5203.0,3346.0,0.0,0.0,0.0,0.0,0.0,0.0,0.0,0.0,0.0,0.0,0.0,0.0,0.0
274,2020-12-09,597112,246679,895284,644696.0,1859367.0,157331.0,284116,792788,275261.0,114038,8969,558173,872839.0,79141.0,321913.0,37311.0,507995.0,249699.0,18239.0,221493.0,46201.0,217302.0,239322.0,26396.0,3977.0,4778.0,48935.0,214019.0,110639.0,16437.0,32945.0,11479.0,12410.0,0.0,0.0,0.0,0.0,5215.0,3351.0,0.0,0.0,0.0,0.0,0.0,0.0,0.0,0.0,0.0,0.0,0.0,0.0,0.0
275,2020-12-10,599575,248079,896563,649571.0,1864348.0,157928.0,285627,794020,275904.0,114407,9045,559499,873457.0,79656.0,322299.0,37339.0,510951.0,251120.0,18322.0,222811.0,46930.0,218574.0,239955.0,26534.0,3994.0,4783.0,49036.0,214165.0,110830.0,16461.0,32976.0,11508.0,12511.0,0.0,0.0,0.0,0.0,5239.0,3354.0,0.0,0.0,0.0,0.0,0.0,0.0,0.0,0.0,0.0,0.0,0.0,0.0,0.0
276,2020-12-11,601150,249329,897801,654041.0,1868172.0,158556.0,287219,795240,276516.0,114773,9071,561161,873995.0,80486.0,322642.0,37363.0,513752.0,252638.0,18410.0,224081.0,47703.0,219893.0,240572.0,26685.0,4008.0,4791.0,49131.0,214305.0,111003.0,16479.0,32997.0,11602.0,12586.0,0.0,0.0,0.0,0.0,5264.0,3354.0,0.0,0.0,0.0,0.0,0.0,0.0,0.0,0.0,0.0,0.0,0.0,0.0,0.0
277,2020-12-12,603535,250394,899011,658683.0,1872440.0,159099.0,288692,796475,277151.0,115207,9112,562722,874515.0,81211.0,323029.0,37406.0,516505.0,254129.0,18502.0,225304.0,48354.0,221115.0,241222.0,26859.0,4024.0,4798.0,49235.0,214432.0,111177.0,16497.0,33015.0,11634.0,12645.0,0.0,0.0,0.0,0.0,5291.0,3355.0,0.0,0.0,0.0,0.0,0.0,0.0,0.0,0.0,0.0,0.0,0.0,0.0,0.0
278,2020-12-13,605470,251402,900214,664632.0,1876699.0,159579.0,289999,797693,277724.0,115626,9138,564132,875025.0,81939.0,323364.0,37444.0,519215.0,255761.0,18572.0,226508.0,48951.0,222397.0,241776.0,27036.0,4035.0,4805.0,49305.0,214584.0,111366.0,16509.0,33038.0,11676.0,12743.0,0.0,0.0,0.0,0.0,5316.0,3356.0,0.0,0.0,0.0,0.0,0.0,0.0,0.0,0.0,0.0,0.0,0.0,0.0,0.0
279,2020-12-14,607454,252392,901410,669330.0,1880416.0,160200.0,291289,798888,278108.0,116008,9155,565556,875531.0,82429.0,323757.0,37492.0,521795.0,257020.0,18638.0,227683.0,49375.0,223578.0,242224.0,27155.0,4040.0,4818.0,49362.0,214657.0,111510.0,16513.0,33048.0,11709.0,12866.0,0.0,0.0,0.0,0.0,5338.0,3356.0,0.0,0.0,0.0,0.0,0.0,0.0,0.0,0.0,0.0,0.0,0.0,0.0,0.0
280,2020-12-15,608830,253385,902240,672037.0,1883365.0,160659.0,292539,800029,278599.0,116254,9166,566728,875836.0,83006.0,324089.0,37513.0,523629.0,258635.0,18714.0,228803.0,49761.0,224636.0,242660.0,27209.0,4049.0,4834.0,49474.0,214803.0,111722.0,16536.0,33057.0,11728.0,12941.0,0.0,0.0,0.0,0.0,5340.0,3359.0,0.0,0.0,0.0,0.0,0.0,0.0,0.0,0.0,0.0,0.0,0.0,0.0,0.0
281,2020-12-16,610447,254207,903425,677255.0,1886807.0,161053.0,293584,801161,279135.0,116600,9217,568064,876336.0,83502.0,324389.0,37550.0,525918.0,260240.0,18776.0,229913.0,50196.0,225709.0,243281.0,27292.0,4080.0,4842.0,49566.0,214945.0,111931.0,16553.0,33081.0,11761.0,13007.0,0.0,0.0,0.0,0.0,5365.0,3359.0,0.0,0.0,0.0,0.0,0.0,0.0,0.0,0.0,0.0,0.0,0.0,0.0,0.0
282,2020-12-17,611994,255014,904665,683440.0,0.0,161383.0,294831,802342,279644.0,116932,9238,569263,876814.0,84069.0,324796.0,37582.0,528211.0,261901.0,18843.0,231073.0,50680.0,226788.0,243830.0,27373.0,4085.0,4850.0,49657.0,215042.0,112121.0,16574.0,33098.0,11787.0,13072.0,0.0,0.0,0.0,0.0,5398.0,3360.0,0.0,0.0,0.0,1886807.0,0.0,0.0,0.0,0.0,0.0,0.0,0.0,0.0,0.0
283,2020-12-18,613357,255728,905901,688409.0,0.0,161831.0,295953,803516,280195.0,117317,9243,570789,877348.0,84689.0,325147.0,37622.0,530456.0,263485.0,18905.0,232188.0,51143.0,227949.0,244386.0,27454.0,4094.0,4860.0,49745.0,215148.0,112332.0,16603.0,33119.0,11820.0,13141.0,0.0,0.0,0.0,0.0,5406.0,3361.0,0.0,0.0,0.0,1886807.0,0.0,0.0,0.0,0.0,0.0,0.0,0.0,0.0,0.0
284,2020-12-19,614775,256477,907123,693865.0,1888767.0,162270.0,297029,804650,280822.0,117705,9252,572196,877806.0,85269.0,325505.0,37670.0,532695.0,264898.0,18979.0,233263.0,51625.0,229130.0,245027.0,27540.0,4110.0,4869.0,49849.0,215250.0,112606.0,16611.0,33144.0,11832.0,13189.0,0.0,0.0,0.0,0.0,5439.0,3362.0,0.0,0.0,0.0,0.0,0.0,0.0,0.0,0.0,0.0,0.0,0.0,0.0,0.0
285,2020-12-20,615914,257067,908275,700158.0,1892707.0,162705.0,298018,805777,281414.0,118006,9270,573401,878285.0,85853.0,325861.0,37715.0,534850.0,266266.0,19044.0,234289.0,52010.0,230125.0,245661.0,27598.0,4122.0,4875.0,49976.0,215346.0,112853.0,16629.0,33167.0,11841.0,13221.0,0.0,0.0,0.0,0.0,5561.0,3363.0,0.0,0.0,0.0,0.0,0.0,0.0,0.0,0.0,0.0,0.0,0.0,0.0,0.0
286,2020-12-21,617005,257644,909469,705869.0,1896518.0,163042.0,298996,806891,281730.0,118263,9279,574631,878723.0,86317.0,326233.0,37748.0,536828.0,267219.0,19073.0,235299.0,52329.0,231284.0,246185.0,27646.0,4124.0,4881.0,50064.0,215409.0,113025.0,16630.0,33175.0,11842.0,13253.0,0.0,0.0,0.0,0.0,5573.0,3363.0,0.0,0.0,0.0,0.0,0.0,0.0,0.0,0.0,0.0,0.0,0.0,0.0,0.0
287,2020-12-22,617808,258197,910241,709292.0,1899352.0,163378.0,299909,807962,282347.0,118495,9286,575621,878937.0,86765.0,326596.0,37762.0,538343.0,268477.0,19128.0,236259.0,52623.0,232319.0,246568.0,27684.0,4133.0,4888.0,50143.0,215510.0,113198.0,16652.0,33188.0,11858.0,13258.0,0.0,0.0,0.0,0.0,5576.0,3363.0,0.0,0.0,0.0,0.0,0.0,0.0,0.0,0.0,0.0,0.0,0.0,0.0,0.0
288,2020-12-23,618747,258731,911382,715341.0,1902458.0,163665.0,300716,809014,282982.0,118803,9296,576832,879339.0,87376.0,326915.0,37811.0,539996.0,269857.0,19184.0,237247.0,52955.0,233324.0,247108.0,27723.0,4141.0,4893.0,50239.0,215585.0,113407.0,16657.0,33203.0,11866.0,13299.0,0.0,0.0,0.0,0.0,5610.0,3364.0,0.0,0.0,0.0,0.0,0.0,0.0,0.0,0.0,0.0,0.0,0.0,0.0,0.0
289,2020-12-24,619618,259226,912340,721510.0,1906371.0,164145.0,301708,810080,283556.0,119053,9309,577642,879718.0,87940.0,327279.0,37845.0,541624.0,271194.0,19266.0,238205.0,53392.0,234331.0,247807.0,27827.0,4156.0,4896.0,50364.0,215680.0,113609.0,16669.0,33216.0,11877.0,13328.0,0.0,0.0,0.0,0.0,5632.0,3365.0,0.0,0.0,0.0,0.0,0.0,0.0,0.0,0.0,0.0,0.0,0.0,0.0,0.0
290,2020-12-25,620681,259745,913483,726687.0,1909951.0,164505.0,302709,811115,284074.0,119344,9341,578568,880075.0,88376.0,327542.0,37885.0,543214.0,272426.0,19309.0,239195.0,53766.0,235369.0,248351.0,27876.0,4178.0,4901.0,50454.0,215775.0,113786.0,16678.0,33225.0,11890.0,13340.0,0.0,0.0,0.0,0.0,5664.0,3367.0,0.0,0.0,0.0,0.0,0.0,0.0,0.0,0.0,0.0,0.0,0.0,0.0,0.0
291,2020-12-26,621439,260153,914488,732084.0,1913382.0,164821.0,303732,812142,284391.0,119628,9355,579982,880430.0,88844.0,327867.0,37914.0,544755.0,273279.0,19345.0,240105.0,54058.0,236400.0,248945.0,27943.0,4178.0,4912.0,50534.0,215836.0,113954.0,16678.0,33226.0,11895.0,13369.0,0.0,0.0,0.0,0.0,5684.0,3370.0,0.0,0.0,0.0,0.0,0.0,0.0,0.0,0.0,0.0,0.0,0.0,0.0,0.0
292,2020-12-27,622094,260545,915345,735611.0,1916236.0,165126.0,304517,813161,284863.0,119877,9394,581080,880712.0,89218.0,328201.0,37947.0,546008.0,274324.0,19423.0,240995.0,54280.0,237406.0,249403.0,27976.0,4182.0,4912.0,50595.0,215910.0,114146.0,16687.0,33237.0,11897.0,13371.0,0.0,0.0,0.0,0.0,5799.0,3372.0,0.0,0.0,0.0,0.0,0.0,0.0,0.0,0.0,0.0,0.0,0.0,0.0,0.0
293,2020-12-28,622851,260907,916256,740516.0,1919550.0,165405.0,305360,814170,285068.0,120137,9406,581980,881061.0,89645.0,328504.0,37995.0,547443.0,275149.0,19486.0,241845.0,54438.0,238352.0,249912.0,28029.0,4184.0,4924.0,50667.0,215939.0,114268.0,16689.0,33244.0,11897.0,13376.0,0.0,0.0,0.0,0.0,5845.0,3373.0,0.0,0.0,0.0,0.0,0.0,0.0,0.0,0.0,0.0,0.0,0.0,0.0,0.0
294,2020-12-29,623415,261258,916909,743563.0,1922048.0,165668.0,306158,815175,285465.0,120293,9411,582920,881273.0,89850.0,328738.0,38028.0,548471.0,276337.0,19551.0,242655.0,54680.0,239228.0,250390.0,28060.0,4190.0,4929.0,50772.0,215997.0,114420.0,16696.0,33246.0,11911.0,13379.0,0.0,0.0,0.0,0.0,5845.0,3374.0,0.0,0.0,0.0,0.0,0.0,0.0,0.0,0.0,0.0,0.0,0.0,0.0,0.0
295,2020-12-30,624118,261672,917571,749450.0,1925066.0,165878.0,306784,816132,285939.0,120527,9436,583941,881599.0,90167.0,329001.0,38070.0,549715.0,277471.0,19615.0,243459.0,54894.0,240081.0,250928.0,28096.0,4199.0,4936.0,50884.0,216063.0,114650.0,16709.0,33258.0,11917.0,13387.0,0.0,0.0,0.0,0.0,5864.0,3375.0,0.0,0.0,0.0,0.0,0.0,0.0,0.0,0.0,0.0,0.0,0.0,0.0,0.0
296,2020-12-31,624795,262054,918544,755718.0,1928603.0,166239.0,307554,817077,286354.0,120744,9447,584966,881948.0,90616.0,329306.0,38096.0,550893.0,278540.0,19682.0,244258.0,55114.0,240947.0,251348.0,28137.0,4204.0,4941.0,50981.0,216139.0,114873.0,16711.0,33264.0,11921.0,13408.0,0.0,0.0,0.0,0.0,5877.0,3375.0,0.0,0.0,0.0,0.0,0.0,0.0,0.0,0.0,0.0,0.0,0.0,0.0,0.0
297,2021-01-01,625369,262325,919496,760933.0,1932112.0,166522.0,308243,818014,286815.0,120971,9466,585902,882286.0,90920.0,329621.0,38132.0,552063.0,279575.0,19748.0,245038.0,55277.0,241791.0,251743.0,28188.0,4216.0,4945.0,51066.0,216211.0,115113.0,16719.0,33268.0,11927.0,13427.0,0.0,0.0,0.0,0.0,5889.0,3378.0,0.0,0.0,0.0,0.0,0.0,0.0,0.0,0.0,0.0,0.0,0.0,0.0,0.0
298,2021-01-02,625954,262611,920373,765924.0,1935636.0,166770.0,308852,818935,287108.0,121227,9525,586751,882612.0,91281.0,329866.0,38164.0,553216.0,280507.0,19799.0,245772.0,55470.0,242571.0,252219.0,28206.0,4219.0,4946.0,51135.0,216251.0,115241.0,16719.0,33276.0,11929.0,13445.0,0.0,0.0,0.0,0.0,5900.0,3378.0,0.0,0.0,0.0,0.0,0.0,0.0,0.0,0.0,0.0,0.0,0.0,0.0,0.0
299,2021-01-03,626448,262850,921128,771252.0,1938854.0,167012.0,309319,819845,287502.0,121471,9550,587434,882850.0,91544.0,330117.0,38174.0,554079.0,281654.0,19865.0,246513.0,55619.0,243302.0,252584.0,28243.0,4223.0,4947.0,51230.0,216289.0,115392.0,16727.0,33282.0,11929.0,13448.0,0.0,0.0,0.0,0.0,5911.0,3378.0,0.0,0.0,0.0,0.0,0.0,0.0,0.0,0.0,0.0,0.0,0.0,0.0,0.0
300,2021-01-04,626872,263068,921938,775852.0,1942136.0,167219.0,309821,820712,287740.0,121653,9556,588171,883082.0,91811.0,330309.0,38224.0,554975.0,282368.0,19881.0,247228.0,55686.0,244026.0,252857.0,28281.0,4223.0,4948.0,51295.0,216304.0,115529.0,16732.0,33283.0,11930.0,13460.0,0.0,0.0,0.0,0.0,5920.0,3379.0,0.0,0.0,0.0,0.0,0.0,0.0,0.0,0.0,0.0,0.0,0.0,0.0,0.0
301,2021-01-05,627256,263312,922538,778873.0,1947011.0,167441.0,310278,821550,287993.0,121786,9561,588882,883210.0,92112.0,330492.0,38253.0,555572.0,283515.0,19936.0,247926.0,55808.0,244647.0,253272.0,28332.0,4234.0,4948.0,51335.0,216340.0,115689.0,16741.0,33284.0,11935.0,13482.0,0.0,0.0,0.0,0.0,5921.0,3379.0,0.0,0.0,0.0,0.0,0.0,0.0,0.0,0.0,0.0,0.0,0.0,0.0,0.0
302,2021-01-06,627698,263571,923353,784488.0,1950171.0,167652.0,310675,822370,288410.0,121923,9577,589611,883587.0,92366.0,330690.0,38300.0,556384.0,284536.0,20026.0,248581.0,55910.0,245318.0,253695.0,28418.0,4247.0,4949.0,51415.0,216381.0,115840.0,16744.0,33286.0,11937.0,13506.0,0.0,0.0,0.0,0.0,5938.0,3379.0,0.0,0.0,0.0,0.0,0.0,0.0,0.0,0.0,0.0,0.0,0.0,0.0,0.0
303,2021-01-07,628352,263887,924137,790882.0,1954553.0,167910.0,311111,823181,288789.0,122049,9589,590339,883876.0,92593.0,330921.0,38334.0,557252.0,285586.0,20104.0,249246.0,56015.0,246048.0,254014.0,28484.0,4256.0,4949.0,51507.0,216424.0,116034.0,16753.0,33294.0,11954.0,13525.0,0.0,0.0,0.0,0.0,5951.0,3379.0,0.0,0.0,0.0,0.0,0.0,0.0,0.0,0.0,0.0,0.0,0.0,0.0,0.0
304,2021-01-08,628838,264161,924898,795933.0,1958282.0,168187.0,311620,823986,289135.0,122176,9600,590844,884171.0,92842.0,331151.0,38369.0,558173.0,286596.0,20147.0,249913.0,56146.0,246822.0,254447.0,28531.0,4259.0,4958.0,51626.0,216481.0,116229.0,16757.0,33299.0,11960.0,13536.0,0.0,0.0,0.0,0.0,5965.0,3379.0,0.0,0.0,0.0,0.0,0.0,0.0,0.0,0.0,0.0,0.0,0.0,0.0,0.0
305,2021-01-09,629282,264442,925868,801075.0,1961975.0,168486.0,312091,824776,289433.0,122303,9601,591610,884490.0,93111.0,331396.0,38389.0,559099.0,287556.0,20201.0,250598.0,56282.0,247436.0,254701.0,28579.0,4275.0,4959.0,51709.0,216531.0,116436.0,16764.0,33302.0,11964.0,13560.0,0.0,0.0,0.0,0.0,5979.0,3380.0,0.0,0.0,0.0,0.0,0.0,0.0,0.0,0.0,0.0,0.0,0.0,0.0,0.0
306,2021-01-10,629801,264721,926767,806603.0,1965556.0,168734.0,312521,825537,289784.0,122425,9608,592475,884689.0,93398.0,331602.0,38425.0,559886.0,288570.0,20251.0,251273.0,56366.0,247977.0,255386.0,28646.0,4292.0,4959.0,51790.0,216565.0,116672.0,16767.0,33307.0,11975.0,13592.0,0.0,0.0,0.0,0.0,5984.0,3380.0,0.0,0.0,0.0,0.0,0.0,0.0,0.0,0.0,0.0,0.0,0.0,0.0,0.0
307,2021-01-11,630200,264955,927559,811148.0,1969114.0,169033.0,312996,826261,290008.0,122538,9618,593171,884916.0,93621.0,331862.0,38455.0,560709.0,289231.0,20295.0,251944.0,56452.0,248597.0,255700.0,28660.0,4293.0,4960.0,51856.0,216590.0,116817.0,16772.0,33307.0,11978.0,13611.0,0.0,0.0,0.0,0.0,5988.0,3380.0,0.0,0.0,0.0,0.0,0.0,0.0,0.0,0.0,0.0,0.0,0.0,0.0,0.0
308,2021-01-12,630506,265199,928055,814258.0,1971552.0,169225.0,313425,826943,290309.0,122651,9621,593680,885037.0,93777.0,332106.0,38477.0,561321.0,290084.0,20342.0,252559.0,56521.0,249082.0,255932.0,28693.0,4299.0,4963.0,51891.0,216635.0,116961.0,16777.0,33309.0,11987.0,13631.0,0.0,0.0,0.0,0.0,5989.0,3382.0,0.0,0.0,0.0,0.0,0.0,0.0,0.0,0.0,0.0,0.0,0.0,0.0,0.0
309,2021-01-13,630892,265391,928806,819765.0,1974488.0,169479.0,313718,827614,290640.0,122764,9634,594175,885234.0,93961.0,332331.0,38495.0,562072.0,290813.0,20378.0,253161.0,56596.0,249553.0,256309.0,28725.0,4303.0,4966.0,51983.0,216690.0,117088.0,16782.0,33315.0,11997.0,13651.0,0.0,0.0,0.0,0.0,5996.0,3382.0,0.0,0.0,0.0,0.0,0.0,0.0,0.0,0.0,0.0,0.0,0.0,0.0,0.0
310,2021-01-14,631249,265616,929552,825769.0,1978044.0,169737.0,314091,828287,290916.0,122885,9639,594641,885437.0,94170.0,332541.0,38524.0,562795.0,291484.0,20415.0,253744.0,56689.0,250009.0,256587.0,28769.0,4310.0,4969.0,52079.0,216743.0,117240.0,16783.0,33320.0,12003.0,13669.0,0.0,0.0,0.0,0.0,6004.0,3383.0,0.0,0.0,0.0,0.0,0.0,0.0,0.0,0.0,0.0,0.0,0.0,0.0,0.0
311,2021-01-15,631589,265803,929960,831259.0,1981623.0,169950.0,314372,828952,291118.0,122964,9646,595142,885616.0,94324.0,332763.0,38567.0,563475.0,292091.0,20438.0,254314.0,56751.0,250429.0,256895.0,28787.0,4310.0,4976.0,52182.0,216762.0,117384.0,16798.0,33325.0,12035.0,13687.0,0.0,0.0,0.0,0.0,6011.0,3385.0,0.0,0.0,0.0,0.0,0.0,0.0,0.0,0.0,0.0,0.0,0.0,0.0,0.0
312,2021-01-16,631884,265964,930668,836883.0,1984768.0,170191.0,314682,829573,291367.0,123108,9648,595614,885710.0,94465.0,332949.0,38595.0,564098.0,292612.0,20464.0,254849.0,56802.0,250858.0,257193.0,28811.0,4314.0,4979.0,52262.0,216777.0,117480.0,16802.0,33329.0,12039.0,13691.0,0.0,0.0,0.0,0.0,6024.0,3388.0,0.0,0.0,0.0,0.0,0.0,0.0,0.0,0.0,0.0,0.0,0.0,0.0,0.0
313,2021-01-17,632183,266131,931252,842843.0,1987678.0,170366.0,314920,830183,291666.0,123217,9649,596137,885824.0,94691.0,333127.0,38611.0,564707.0,293178.0,20503.0,255354.0,56873.0,251223.0,257474.0,28835.0,4322.0,4982.0,52345.0,216809.0,117599.0,16808.0,33331.0,12054.0,13693.0,0.0,0.0,0.0,0.0,6029.0,3388.0,0.0,0.0,0.0,0.0,0.0,0.0,0.0,0.0,0.0,0.0,0.0,0.0,0.0
314,2021-01-18,632429,266309,931997,847848.0,1990759.0,170605.0,315181,830772,291872.0,123343,9656,596528,885985.0,94803.0,333310.0,38646.0,565272.0,293501.0,20537.0,255872.0,56943.0,251578.0,257610.0,28856.0,4323.0,4983.0,52405.0,216831.0,117686.0,16811.0,33332.0,12058.0,13704.0,0.0,0.0,0.0,0.0,6038.0,3390.0,0.0,0.0,0.0,0.0,0.0,0.0,0.0,0.0,0.0,0.0,0.0,0.0,0.0
315,2021-01-19,632590,266428,932432,851194.0,1992683.0,170729.0,315394,831323,292128.0,123425,9657,596904,886066.0,94923.0,333444.0,38669.0,565661.0,293972.0,20564.0,256367.0,56978.0,251882.0,257775.0,28867.0,4329.0,4988.0,52458.0,216864.0,117786.0,16812.0,33335.0,12061.0,13707.0,0.0,0.0,0.0,0.0,6038.0,3390.0,0.0,0.0,14.0,0.0,0.0,0.0,0.0,0.0,0.0,0.0,0.0,0.0,0.0
316,2021-01-20,632821,266581,933077,857380.0,1994977.0,170937.0,315603,831866,292395.0,123538,9662,597238,886245.0,95039.0,333566.0,38706.0,566073.0,294355.0,20595.0,256852.0,57019.0,252186.0,257991.0,28900.0,4334.0,4989.0,52570.0,216887.0,117887.0,16815.0,33336.0,12066.0,13710.0,0.0,0.0,0.0,0.0,6052.0,3391.0,0.0,0.0,21.0,0.0,0.0,0.0,0.0,0.0,0.0,0.0,0.0,0.0,0.0
317,2021-01-21,633049,266686,933578,864195.0,1997992.0,171136.0,315816,832415,292621.0,123647,9668,597628,886418.0,95192.0,333723.0,38737.0,566482.0,294949.0,20623.0,257342.0,57082.0,252466.0,258176.0,28919.0,4346.0,4991.0,52657.0,216919.0,118012.0,16815.0,33339.0,12067.0,13717.0,0.0,0.0,0.0,0.0,6057.0,3393.0,0.0,0.0,30.0,0.0,0.0,0.0,0.0,0.0,0.0,0.0,0.0,0.0,0.0
318,2021-01-22,633276,266819,934252,870529.0,2000878.0,171316.0,316081,833011,292835.0,123764,9673,597823,886557.0,95354.0,333866.0,38772.0,566898.0,295509.0,20639.0,257813.0,57121.0,252767.0,258414.0,28938.0,4349.0,4991.0,52712.0,216940.0,118079.0,16816.0,33342.0,12070.0,13721.0,0.0,0.0,0.0,0.0,6062.0,3393.0,0.0,0.0,48.0,0.0,0.0,0.0,0.0,0.0,0.0,0.0,0.0,0.0,0.0
319,2021-01-23,633542,266939,934576,877282.0,2003657.0,171522.0,316282,833585,293056.0,123852,9673,598126,886694.0,95464.0,334020.0,38794.0,567304.0,295949.0,20664.0,258264.0,57162.0,253114.0,258513.0,28953.0,4349.0,4992.0,52782.0,216957.0,118154.0,16817.0,33344.0,12072.0,13723.0,0.0,0.0,0.0,0.0,6063.0,3394.0,0.0,0.0,50.0,0.0,0.0,0.0,0.0,0.0,0.0,0.0,0.0,0.0,0.0
320,2021-01-24,633739,267075,935478,884242.0,2006354.0,171733.0,316485,834171,293253.0,123946,9675,598445,886852.0,95586.0,334150.0,38830.0,567714.0,296326.0,20686.0,258687.0,57189.0,253405.0,258638.0,28970.0,4351.0,4993.0,52867.0,216976.0,118232.0,16818.0,33345.0,12076.0,13727.0,0.0,0.0,0.0,0.0,6068.0,3394.0,0.0,0.0,57.0,0.0,0.0,0.0,0.0,0.0,0.0,0.0,0.0,0.0,0.0
321,2021-01-25,633924,267203,936051,890278.0,2009106.0,171930.0,316652,834740,293401.0,124019,9687,598713,887010.0,95640.0,334300.0,38860.0,568103.0,296626.0,20718.0,259097.0,57210.0,253657.0,258787.0,28986.0,4351.0,4993.0,52920.0,216992.0,118286.0,16819.0,33345.0,12076.0,13732.0,0.0,0.0,0.0,0.0,6071.0,3394.0,0.0,0.0,59.0,0.0,0.0,0.0,0.0,0.0,0.0,0.0,0.0,0.0,0.0
322,2021-01-26,634072,267321,936426,893639.0,2010948.0,172089.0,316845,835280,293590.0,124083,9687,598907,887066.0,95702.0,334430.0,38878.0,568355.0,297108.0,20749.0,259487.0,57245.0,253857.0,258861.0,28997.0,4356.0,4994.0,52977.0,217017.0,118360.0,16820.0,33346.0,12079.0,13734.0,0.0,0.0,0.0,0.0,6072.0,3394.0,0.0,0.0,67.0,0.0,0.0,0.0,0.0,0.0,0.0,0.0,0.0,0.0,0.0
323,2021-01-27,634229,267417,936955,899932.0,2013353.0,172218.0,316970,835803,293737.0,124157,9688,599208,887238.0,95741.0,334529.0,38910.0,568650.0,297429.0,20775.0,259867.0,57257.0,254085.0,258996.0,29003.0,4359.0,4994.0,53047.0,217025.0,118425.0,16821.0,33346.0,12081.0,13740.0,0.0,0.0,0.0,0.0,6078.0,3395.0,0.0,0.0,69.0,0.0,0.0,0.0,0.0,0.0,0.0,0.0,0.0,0.0,0.0
324,2021-01-28,634325,267504,937383,905591.0,2015524.0,172406.0,317104,836315,293923.0,124234,9688,599376,887349.0,95826.0,334667.0,38934.0,568884.0,297868.0,20819.0,260220.0,57296.0,254270.0,259149.0,29007.0,4362.0,4994.0,53100.0,217042.0,118495.0,16824.0,33346.0,12083.0,13741.0,0.0,0.0,0.0,0.0,6079.0,3396.0,0.0,0.0,69.0,0.0,0.0,0.0,0.0,0.0,0.0,0.0,0.0,0.0,0.0
325,2021-01-29,634524,267601,937933,911362.0,2018413.0,172606.0,317189,836818,294120.0,124297,9705,599624,887466.0,95908.0,334780.0,38973.0,569173.0,304319.0,20855.0,260566.0,57356.0,254496.0,259214.0,29022.0,4363.0,4994.0,53185.0,217071.0,118557.0,16827.0,33348.0,12084.0,13749.0,0.0,0.0,0.0,0.0,6084.0,3397.0,0.0,0.0,69.0,0.0,0.0,0.0,0.0,0.0,0.0,0.0,0.0,0.0,0.0
326,2021-01-30,634773,267708,938401,917630.0,2021184.0,172860.0,317292,837327,294306.0,124373,9714,599837,887591.0,95986.0,334850.0,39004.0,569459.0,304689.0,20882.0,260901.0,57400.0,254667.0,259373.0,29037.0,4366.0,4994.0,53263.0,217091.0,118602.0,16827.0,33350.0,12088.0,13753.0,0.0,0.0,0.0,0.0,6085.0,3398.0,0.0,0.0,70.0,0.0,0.0,0.0,0.0,0.0,0.0,0.0,0.0,0.0,0.0
327,2021-01-31,634956,267805,938865,923912.0,2023814.0,173084.0,317396,837832,294469.0,124449,9719,600079,887720.0,96068.0,334958.0,39047.0,569769.0,305102.0,20899.0,261224.0,57494.0,254886.0,259496.0,29052.0,4372.0,4994.0,53356.0,217120.0,118651.0,16828.0,33351.0,12090.0,13761.0,0.0,0.0,0.0,0.0,6088.0,3398.0,0.0,0.0,79.0,0.0,0.0,0.0,0.0,0.0,0.0,0.0,0.0,0.0,0.0
328,2021-02-01,635096,267897,939387,929178.0,2026399.0,173276.0,317491,838340,294587.0,124506,9720,600299,887836.0,96129.0,335072.0,39068.0,569998.0,305367.0,20925.0,261540.0,57536.0,255112.0,259563.0,29068.0,4372.0,4994.0,53409.0,217141.0,118692.0,16828.0,33351.0,12094.0,13764.0,0.0,0.0,0.0,0.0,6090.0,3398.0,0.0,0.0,87.0,0.0,0.0,0.0,0.0,0.0,0.0,0.0,0.0,0.0,0.0
329,2021-02-02,635217,267989,939775,932637.0,2028347.0,173470.0,317587,838842,294739.0,124550,9724,600470,887900.0,96180.0,335151.0,39096.0,570177.0,305689.0,20957.0,261838.0,57561.0,255263.0,259660.0,29072.0,4373.0,4994.0,53469.0,217154.0,118734.0,16828.0,33351.0,12099.0,13764.0,0.0,0.0,0.0,0.0,6091.0,3398.0,0.0,0.0,99.0,0.0,0.0,0.0,0.0,0.0,0.0,0.0,0.0,0.0,0.0
330,2021-02-03,635331,268067,940170,938353.0,2030274.0,173674.0,317674,839352,294924.0,124594,9726,600642,888004.0,96227.0,335211.0,39123.0,570380.0,306019.0,20979.0,262123.0,57587.0,255431.0,259781.0,29077.0,4376.0,4994.0,53575.0,217161.0,118793.0,16829.0,33351.0,12101.0,13768.0,0.0,0.0,0.0,0.0,6096.0,3398.0,0.0,0.0,119.0,0.0,0.0,0.0,0.0,0.0,0.0,0.0,0.0,0.0,0.0
331,2021-02-04,635481,268136,940596,944709.0,2033266.0,173861.0,317766,839866,295101.0,124659,9735,600837,888099.0,96281.0,335282.0,39146.0,570581.0,306370.0,21015.0,262406.0,57646.0,255689.0,259858.0,29086.0,4376.0,4994.0,53638.0,217175.0,118839.0,16829.0,33351.0,12117.0,13774.0,0.0,0.0,0.0,0.0,6098.0,3398.0,0.0,0.0,122.0,0.0,0.0,0.0,0.0,0.0,0.0,0.0,0.0,0.0,0.0
332,2021-02-05,635639,268209,941070,950811.0,2036002.0,174057.0,317905,840360,295270.0,124719,9740,600970,888178.0,96384.0,335369.0,39185.0,570787.0,306743.0,21036.0,262681.0,57693.0,255855.0,259936.0,29099.0,4376.0,4994.0,53717.0,217186.0,118897.0,16829.0,33352.0,12121.0,13794.0,0.0,0.0,0.0,0.0,6103.0,3398.0,0.0,0.0,126.0,0.0,0.0,0.0,0.0,0.0,0.0,0.0,0.0,0.0,0.0
333,2021-02-06,635793,268293,941500,956421.0,2038630.0,174256.0,318021,840849,295431.0,124785,9743,601128,888275.0,96431.0,335466.0,39235.0,570981.0,307079.0,21060.0,262948.0,57764.0,256017.0,260034.0,29110.0,4381.0,4997.0,53773.0,217193.0,118938.0,16829.0,33352.0,12126.0,13821.0,0.0,0.0,0.0,0.0,6105.0,3398.0,0.0,0.0,141.0,0.0,0.0,0.0,0.0,0.0,0.0,0.0,0.0,0.0,0.0
334,2021-02-07,635916,268364,942031,962363.0,2041398.0,174439.0,318118,841326,295581.0,124850,9744,601272,888350.0,96478.0,335548.0,39270.0,571178.0,307339.0,21088.0,263200.0,57851.0,256214.0,260095.0,29117.0,4382.0,5000.0,53838.0,217202.0,118979.0,16830.0,33352.0,12148.0,13845.0,0.0,0.0,0.0,0.0,6108.0,3398.0,0.0,0.0,151.0,0.0,0.0,0.0,0.0,0.0,0.0,0.0,0.0,0.0,0.0
335,2021-02-08,636035,268431,942518,968438.0,2044071.0,174646.0,318193,841797,295682.0,124909,9747,601385,888423.0,96493.0,335620.0,39292.0,571371.0,307525.0,21107.0,263444.0,57896.0,256398.0,260270.0,29126.0,4383.0,5001.0,53880.0,217210.0,119017.0,16830.0,33352.0,12158.0,13885.0,0.0,0.0,0.0,0.0,6110.0,3398.0,0.0,0.0,153.0,0.0,0.0,0.0,0.0,0.0,0.0,0.0,0.0,0.0,0.0
336,2021-02-09,636160,268507,942846,972180.0,2046287.0,174838.0,318294,842261,295831.0,124952,9753,601455,888485.0,96536.0,335692.0,39318.0,571490.0,307790.0,21133.0,263676.0,57925.0,256591.0,260670.0,29130.0,4386.0,5005.0,53937.0,217229.0,119055.0,16831.0,33353.0,12160.0,13886.0,0.0,0.0,0.0,0.0,6110.0,3398.0,0.0,0.0,154.0,0.0,0.0,0.0,0.0,0.0,0.0,0.0,0.0,0.0,0.0
337,2021-02-10,636260,268600,943212,977394.0,2048802.0,175023.0,318384,842730,295988.0,125007,9758,601562,888555.0,96590.0,335797.0,39353.0,571636.0,307996.0,21154.0,263910.0,57993.0,256758.0,261092.0,29137.0,4388.0,5007.0,53996.0,217256.0,119116.0,16831.0,33353.0,12166.0,13893.0,0.0,0.0,0.0,0.0,6110.0,3398.0,0.0,0.0,166.0,0.0,0.0,0.0,0.0,0.0,0.0,0.0,0.0,0.0,0.0
338,2021-02-11,636387,268677,943627,983374.0,2052253.0,175252.0,318491,843209,296134.0,125052,9762,601723,888605.0,96625.0,335889.0,39372.0,571815.0,308218.0,21171.0,264165.0,58076.0,256899.0,261511.0,29148.0,4390.0,5007.0,54068.0,217267.0,119161.0,16831.0,33353.0,12168.0,13924.0,0.0,0.0,0.0,0.0,6111.0,3398.0,0.0,0.0,181.0,0.0,0.0,0.0,0.0,0.0,0.0,0.0,0.0,0.0,0.0
339,2021-02-12,636529,268783,944057,988655.0,2052905.0,175558.0,318602,843690,296277.0,125117,9762,601898,888692.0,96673.0,335984.0,39397.0,572032.0,308472.0,21184.0,264450.0,58112.0,257068.0,261568.0,29155.0,4391.0,5007.0,54113.0,217277.0,119206.0,16832.0,33353.0,12175.0,13931.0,0.0,0.0,0.0,0.0,6113.0,3398.0,0.0,0.0,187.0,0.0,0.0,0.0,0.0,0.0,0.0,0.0,0.0,0.0,0.0
340,2021-02-13,636670,268887,944437,994052.0,2056575.0,175804.0,318710,844173,296428.0,125208,9763,602001,888760.0,96722.0,336042.0,39416.0,572220.0,308701.0,21203.0,264718.0,58142.0,257229.0,261646.0,29166.0,4392.0,5007.0,54152.0,217285.0,119242.0,16832.0,33353.0,12176.0,13932.0,0.0,0.0,0.0,0.0,6116.0,3398.0,0.0,0.0,188.0,0.0,0.0,0.0,0.0,0.0,0.0,0.0,0.0,0.0,0.0
341,2021-02-14,636796,268969,944856,999523.0,2060186.0,176064.0,318820,844650,296574.0,125268,9765,602089,888814.0,96766.0,336101.0,39440.0,572405.0,308930.0,21220.0,264997.0,58201.0,257423.0,261690.0,29183.0,4392.0,5009.0,54193.0,217288.0,119283.0,16832.0,33353.0,12183.0,13937.0,0.0,0.0,0.0,0.0,6116.0,3400.0,0.0,0.0,224.0,0.0,0.0,0.0,0.0,0.0,0.0,0.0,0.0,0.0,0.0
342,2021-02-15,636946,269046,945270,1004135.0,2064278.0,176296.0,318923,845120,296673.0,125341,9767,602190,888869.0,96820.0,336174.0,39448.0,572595.0,309099.0,21238.0,265244.0,58222.0,257646.0,261741.0,29196.0,4392.0,5009.0,54235.0,217293.0,119316.0,16832.0,33353.0,12189.0,13942.0,0.0,0.0,0.0,0.0,6118.0,3400.0,0.0,0.0,233.0,0.0,0.0,0.0,0.0,0.0,0.0,0.0,0.0,0.0,0.0
343,2021-02-16,637087,269154,945638,1007019.0,2067643.0,176520.0,319005,845575,296802.0,125405,9773,602248,888899.0,96867.0,336262.0,39468.0,572728.0,309373.0,21264.0,265493.0,58243.0,257849.0,261785.0,29204.0,4395.0,5009.0,54275.0,217304.0,119354.0,16833.0,33353.0,12189.0,13942.0,0.0,0.0,0.0,0.0,6118.0,3400.0,0.0,0.0,234.0,0.0,0.0,0.0,0.0,0.0,0.0,0.0,0.0,0.0,0.0
344,2021-02-17,637181,269240,946076,1011956.0,2071306.0,176767.0,319065,846026,296950.0,125463,9779,602344,888959.0,96920.0,336322.0,39488.0,572879.0,309623.0,21293.0,265756.0,58262.0,258082.0,261841.0,29213.0,4396.0,5013.0,54323.0,217309.0,119394.0,16833.0,33355.0,12190.0,13944.0,0.0,0.0,0.0,0.0,6121.0,3400.0,0.0,0.0,251.0,0.0,0.0,0.0,0.0,0.0,0.0,0.0,0.0,0.0,0.0
345,2021-02-18,637315,269322,946454,1016848.0,2076093.0,177101.0,319166,846480,297113.0,125547,9782,602410,889010.0,96964.0,336397.0,39506.0,573012.0,309934.0,21322.0,266034.0,58296.0,258333.0,261879.0,29223.0,4399.0,5014.0,54369.0,217330.0,119439.0,16833.0,33357.0,12190.0,13945.0,0.0,0.0,0.0,0.0,6121.0,3402.0,0.0,0.0,261.0,0.0,0.0,0.0,0.0,0.0,0.0,0.0,0.0,0.0,0.0
346,2021-02-19,637445,269405,946860,1021432.0,2081520.0,177376.0,319270,846937,297278.0,125634,9783,602490,889077.0,97005.0,336460.0,39526.0,573193.0,310210.0,21352.0,266297.0,58312.0,258574.0,261942.0,29225.0,4405.0,5014.0,54421.0,217344.0,119477.0,16836.0,33366.0,12191.0,13946.0,0.0,0.0,0.0,0.0,6126.0,3402.0,0.0,0.0,263.0,0.0,0.0,0.0,0.0,0.0,0.0,0.0,0.0,0.0,0.0
347,2021-02-20,637603,269498,947246,1025937.0,2087632.0,177759.0,319363,847385,297435.0,125715,9785,602592,889156.0,97031.0,336513.0,39540.0,573387.0,310469.0,21371.0,266563.0,58344.0,258871.0,262009.0,29230.0,4407.0,5014.0,54466.0,217367.0,119528.0,16836.0,33392.0,12191.0,13951.0,0.0,0.0,0.0,0.0,6127.0,3402.0,0.0,0.0,272.0,0.0,0.0,0.0,0.0,0.0,0.0,0.0,0.0,0.0,0.0
348,2021-02-21,637755,269609,947736,1030587.0,2093913.0,178111.0,319461,847823,297598.0,125783,9786,602705,889210.0,0.0,336578.0,39569.0,573580.0,310732.0,21397.0,266821.0,58366.0,259128.0,262066.0,29233.0,4409.0,5014.0,54523.0,217383.0,119565.0,16836.0,33393.0,12191.0,13952.0,0.0,0.0,0.0,0.0,6128.0,3402.0,0.0,0.0,277.0,0.0,0.0,0.0,97031.0,0.0,0.0,0.0,0.0,0.0,0.0
349,2021-02-22,637900,269730,948149,1034657.0,2100884.0,178459.0,319543,848275,297712.0,125867,9786,602785,889298.0,97031.0,336636.0,39592.0,573762.0,310885.0,21425.0,267104.0,58385.0,259427.0,262160.0,29237.0,4409.0,5014.0,54562.0,217392.0,119596.0,16836.0,33394.0,12192.0,13952.0,0.0,0.0,0.0,0.0,6132.0,3402.0,0.0,0.0,280.0,0.0,0.0,0.0,0.0,0.0,0.0,0.0,0.0,0.0,0.0
350,2021-02-23,638028,269836,948466,1036869.0,2106094.0,178847.0,319626,848724,297861.0,125925,9787,602869,889339.0,97031.0,336705.0,39600.0,573910.0,311159.0,21463.0,267419.0,58403.0,259721.0,262244.0,29240.0,4410.0,5015.0,54591.0,217406.0,119637.0,16836.0,33398.0,12192.0,13954.0,0.0,0.0,0.0,0.0,6132.0,3402.0,0.0,0.0,295.0,0.0,0.0,0.0,0.0,0.0,0.0,0.0,0.0,0.0,0.0
351,2021-02-24,638173,269967,948849,1040903.0,2112312.0,179261.0,319702,849166,298057.0,126019,9796,602975,889409.0,97031.0,336767.0,39628.0,574099.0,311433.0,21500.0,267767.0,58423.0,259969.0,262303.0,29243.0,4413.0,5016.0,54648.0,217427.0,119687.0,16836.0,33400.0,12192.0,13955.0,0.0,0.0,0.0,0.0,6132.0,3402.0,0.0,0.0,316.0,0.0,0.0,0.0,0.0,0.0,0.0,0.0,0.0,0.0,0.0
352,2021-02-25,638373,270097,949183,1045009.0,2121119.0,179819.0,319801,849629,298264.0,126093,9807,603103,889503.0,97031.0,336835.0,39656.0,574301.0,311680.0,21541.0,268147.0,58457.0,260313.0,262357.0,29250.0,4413.0,5016.0,54700.0,217454.0,119719.0,16836.0,33400.0,12192.0,13958.0,0.0,0.0,0.0,0.0,6132.0,3404.0,0.0,0.0,322.0,0.0,0.0,0.0,0.0,0.0,0.0,0.0,0.0,0.0,0.0
353,2021-02-26,638593,270263,949636,1048686.0,2129821.0,180382.0,319929,850096,298453.0,126201,9814,603232,889585.0,97031.0,336924.0,39677.0,574500.0,311900.0,21590.0,268571.0,58499.0,260681.0,262418.0,29253.0,4419.0,5016.0,54771.0,217484.0,119795.0,16836.0,33407.0,12198.0,13961.0,0.0,0.0,0.0,0.0,6133.0,3405.0,0.0,0.0,331.0,0.0,0.0,0.0,0.0,0.0,0.0,0.0,0.0,0.0,0.0
354,2021-02-27,638849,270411,950207,1052357.0,2138154.0,181004.0,320078,850577,298631.0,126286,9816,603350,889681.0,97031.0,337018.0,39697.0,574716.0,312179.0,21659.0,269031.0,58543.0,261013.0,262464.0,29260.0,4422.0,5017.0,54871.0,217518.0,119863.0,16836.0,33407.0,12198.0,13961.0,0.0,0.0,0.0,0.0,6135.0,3406.0,0.0,0.0,333.0,0.0,0.0,0.0,0.0,0.0,0.0,0.0,0.0,0.0,0.0
355,2021-02-28,639092,270610,950730,1056149.0,2146777.0,181597.0,320180,851063,298807.0,126383,9818,603427,889799.0,97031.0,337104.0,39717.0,574926.0,312419.0,21719.0,269482.0,58598.0,261403.0,262509.0,29271.0,4423.0,5018.0,54932.0,217527.0,119905.0,16836.0,33417.0,12199.0,13961.0,0.0,0.0,0.0,0.0,6137.0,3406.0,0.0,0.0,359.0,0.0,0.0,0.0,0.0,0.0,0.0,0.0,0.0,0.0,0.0
356,2021-03-01,639289,270784,951251,1059403.0,2155070.0,182176.0,320336,851542,298923.0,126441,9818,603527,889916.0,97031.0,337191.0,39725.0,575118.0,312560.0,21770.0,269889.0,58645.0,261766.0,262534.0,29273.0,4423.0,5020.0,54986.0,217537.0,119949.0,16836.0,33417.0,12200.0,13962.0,0.0,0.0,0.0,0.0,6145.0,3406.0,0.0,0.0,382.0,0.0,0.0,0.0,0.0,0.0,0.0,0.0,0.0,0.0,0.0
357,2021-03-02,639464,270950,951600,1061341.0,2161467.0,182809.0,320455,852016,299086.0,126504,9819,603608,889974.0,97031.0,337277.0,39734.0,575316.0,312816.0,21839.0,270316.0,58777.0,262102.0,262556.0,29274.0,4426.0,5020.0,55026.0,217570.0,119986.0,16837.0,33420.0,12200.0,13963.0,0.0,0.0,0.0,0.0,6145.0,3406.0,0.0,0.0,397.0,0.0,0.0,0.0,0.0,0.0,0.0,0.0,0.0,0.0,0.0
358,2021-03-03,639681,271125,952037,1064279.0,2169330.0,183538.0,320557,852478,299254.0,126589,9819,603711,890080.0,97089.0,337351.0,39763.0,575487.0,313032.0,21906.0,270770.0,58800.0,262433.0,262597.0,29282.0,4427.0,5020.0,55073.0,217585.0,120037.0,16838.0,33420.0,12200.0,13966.0,0.0,0.0,0.0,0.0,6147.0,3408.0,0.0,0.0,407.0,0.0,0.0,0.0,0.0,0.0,0.0,0.0,0.0,0.0,0.0
359,2021-03-04,639921,271365,952565,1067044.0,2179185.0,184310.0,320772,852967,299406.0,126693,9821,603788,890215.0,97134.0,337448.0,39777.0,575712.0,313299.0,21962.0,271245.0,58877.0,262850.0,262628.0,29283.0,4427.0,5022.0,55143.0,217593.0,120068.0,16838.0,33422.0,12205.0,13966.0,0.0,0.0,0.0,0.0,6150.0,3408.0,0.0,0.0,414.0,0.0,0.0,0.0,0.0,0.0,0.0,0.0,0.0,0.0,0.0
360,2021-03-05,640182,271659,953136,1069660.0,2188183.0,185381.0,320928,853449,299572.0,126772,9824,603907,890317.0,97234.0,337529.0,39794.0,575921.0,313534.0,22040.0,271725.0,58942.0,263290.0,262668.0,29283.0,4428.0,5024.0,55212.0,217613.0,120129.0,16838.0,33424.0,12210.0,13966.0,0.0,0.0,0.0,0.0,6154.0,3408.0,0.0,0.0,425.0,0.0,0.0,0.0,0.0,0.0,0.0,0.0,0.0,0.0,0.0
361,2021-03-06,640494,271892,953813,1072436.0,2198399.0,186189.0,321123,853992,299742.0,126853,9826,604034,890441.0,97285.0,337620.0,39824.0,576176.0,313808.0,22116.0,272240.0,59014.0,263747.0,262706.0,29286.0,4428.0,5024.0,55291.0,217642.0,120173.0,16839.0,33424.0,12210.0,13968.0,0.0,0.0,0.0,0.0,6157.0,3408.0,0.0,0.0,468.0,0.0,0.0,0.0,0.0,0.0,0.0,0.0,0.0,0.0,0.0
362,2021-03-07,640815,272215,954393,1075227.0,2208586.0,187348.0,321356,854554,299900.0,126932,9830,604164,890556.0,97363.0,337674.0,39843.0,576435.0,314098.0,22238.0,272811.0,59059.0,264214.0,262728.0,29288.0,4428.0,5024.0,55361.0,217649.0,120217.0,16839.0,33424.0,12211.0,13970.0,0.0,0.0,0.0,0.0,6167.0,3409.0,0.0,0.0,473.0,0.0,0.0,0.0,0.0,0.0,0.0,0.0,0.0,0.0,0.0
363,2021-03-08,641101,272520,955015,1077327.0,2219727.0,188391.0,321532,855121,300011.0,127044,9831,604279,890692.0,97422.0,337744.0,39868.0,576623.0,314320.0,22318.0,273386.0,59118.0,264643.0,262758.0,29291.0,4428.0,5024.0,55409.0,217668.0,120259.0,16839.0,33424.0,12217.0,13972.0,0.0,0.0,0.0,0.0,6174.0,3416.0,0.0,0.0,486.0,0.0,0.0,0.0,0.0,0.0,0.0,0.0,0.0,0.0,0.0
364,2021-03-09,641340,272751,955451,1078739.0,2228471.0,189620.0,321711,855677,300153.0,127114,9833,604380,890766.0,97480.0,337803.0,39882.0,576838.0,314640.0,22397.0,273941.0,59197.0,265070.0,262779.0,29296.0,4432.0,5026.0,55463.0,217682.0,120312.0,16839.0,33424.0,12217.0,13973.0,0.0,0.0,0.0,0.0,6174.0,3421.0,0.0,0.0,494.0,0.0,0.0,0.0,0.0,0.0,0.0,0.0,0.0,0.0,0.0
365,2021-03-10,641660,273087,956041,1081055.0,2238398.0,190647.0,321890,856246,300342.0,127191,9835,604527,890884.0,97529.0,337860.0,39908.0,577026.0,315030.0,22502.0,274522.0,59239.0,265527.0,262820.0,29298.0,4434.0,5028.0,55538.0,217704.0,120374.0,16839.0,33425.0,12217.0,13977.0,0.0,0.0,0.0,0.0,6175.0,3423.0,0.0,0.0,509.0,0.0,0.0,0.0,0.0,0.0,0.0,0.0,0.0,0.0,0.0
366,2021-03-11,642030,273446,956801,1083530.0,2252057.0,192040.0,322078,856917,300536.0,127288,9838,604648,891004.0,97565.0,337929.0,39932.0,577267.0,315486.0,22589.0,275197.0,59347.0,266043.0,262864.0,29305.0,4434.0,5028.0,55607.0,217726.0,120436.0,16840.0,33425.0,12217.0,13983.0,0.0,0.0,0.0,0.0,6178.0,3426.0,0.0,0.0,524.0,0.0,0.0,0.0,0.0,0.0,0.0,0.0,0.0,0.0,0.0
367,2021-03-12,642439,273888,957584,1085663.0,2266374.0,193345.0,322281,857602,300717.0,127363,9840,604791,891178.0,97634.0,337992.0,39954.0,577511.0,315864.0,22697.0,275907.0,59439.0,266573.0,262909.0,29309.0,4435.0,5028.0,55676.0,217745.0,120467.0,16840.0,33425.0,12217.0,13985.0,0.0,0.0,0.0,0.0,6179.0,3426.0,0.0,0.0,569.0,0.0,0.0,0.0,0.0,0.0,0.0,0.0,0.0,0.0,0.0
368,2021-03-13,642870,274273,958417,1087443.0,2282191.0,194753.0,322518,858272,300933.0,127436,9846,604958,891388.0,97700.0,338056.0,39984.0,577788.0,316311.0,22832.0,276622.0,59527.0,267176.0,262937.0,29310.0,4435.0,5029.0,55758.0,217766.0,120524.0,16840.0,33427.0,12221.0,13986.0,0.0,0.0,0.0,0.0,6183.0,3431.0,0.0,0.0,587.0,0.0,0.0,0.0,0.0,0.0,0.0,0.0,0.0,0.0,0.0
369,2021-03-14,643289,274697,959338,1089478.0,2297793.0,196263.0,322719,858967,301161.0,127535,9847,605112,891563.0,97754.0,338121.0,40015.0,578064.0,316854.0,22976.0,277397.0,59597.0,267851.0,262974.0,29311.0,4436.0,5030.0,55851.0,217780.0,120567.0,16840.0,33429.0,12225.0,13992.0,0.0,0.0,0.0,0.0,6184.0,3435.0,0.0,0.0,603.0,0.0,0.0,0.0,0.0,0.0,0.0,0.0,0.0,0.0,0.0
370,2021-03-15,643696,275137,960272,1091270.0,2314413.0,197755.0,322969,859726,301318.0,127640,9847,605290,891861.0,97806.0,338192.0,40030.0,578347.0,317329.0,23096.0,278207.0,59675.0,268594.0,263025.0,29313.0,4437.0,5031.0,55917.0,217797.0,120628.0,16840.0,33433.0,12225.0,13997.0,0.0,0.0,0.0,0.0,6184.0,3438.0,0.0,0.0,604.0,0.0,0.0,0.0,0.0,0.0,0.0,0.0,0.0,0.0,0.0
371,2021-03-16,644064,275557,961204,1092324.0,2329464.0,199573.0,323220,860562,301522.0,127734,9852,605441,892008.0,97866.0,338258.0,40044.0,578598.0,317974.0,23244.0,279097.0,59750.0,269391.0,263051.0,29313.0,4439.0,5031.0,56006.0,217817.0,120695.0,16840.0,33440.0,12225.0,13997.0,0.0,0.0,0.0,0.0,6184.0,3440.0,0.0,0.0,606.0,0.0,0.0,0.0,0.0,0.0,0.0,0.0,0.0,0.0,0.0
372,2021-03-17,644489,276080,962339,1094294.0,2347328.0,201036.0,323461,861429,301769.0,127831,9863,605655,892269.0,97931.0,338323.0,40068.0,578853.0,318830.0,23391.0,280051.0,59869.0,270208.0,263100.0,29315.0,4442.0,5032.0,56100.0,217839.0,120771.0,16841.0,33441.0,12225.0,14000.0,0.0,0.0,0.0,0.0,6191.0,3445.0,0.0,0.0,625.0,0.0,0.0,0.0,0.0,0.0,0.0,0.0,0.0,0.0,0.0
373,2021-03-18,645025,276635,963614,1096392.0,2370507.0,203049.0,323774,862374,302047.0,127957,9865,605915,892522.0,98041.0,338405.0,40120.0,579156.0,319717.0,23592.0,281173.0,60036.0,271040.0,263158.0,29323.0,4445.0,5035.0,56173.0,217872.0,120853.0,16841.0,33444.0,12225.0,14002.0,0.0,0.0,0.0,0.0,6194.0,3445.0,0.0,0.0,639.0,0.0,0.0,0.0,0.0,0.0,0.0,0.0,0.0,0.0,0.0
374,2021-03-19,645632,277268,965102,1098291.0,2396340.0,205418.0,324101,863363,302360.0,128097,9876,606229,892740.0,98129.0,338489.0,40201.0,579479.0,320783.0,23803.0,282449.0,60207.0,271957.0,263265.0,29325.0,4445.0,5036.0,56271.0,217905.0,120950.0,16842.0,33454.0,12225.0,14005.0,0.0,0.0,0.0,0.0,6196.0,3454.0,0.0,0.0,644.0,0.0,0.0,0.0,0.0,0.0,0.0,0.0,0.0,0.0,0.0
375,2021-03-20,646348,278140,966689,1100275.0,2422021.0,207888.0,324503,864450,302724.0,128249,9881,606609,892986.0,98228.0,338599.0,40262.0,579826.0,321880.0,24017.0,283864.0,60389.0,273097.0,263355.0,29326.0,4446.0,5038.0,56371.0,217924.0,121055.0,16842.0,33459.0,12225.0,14008.0,0.0,0.0,0.0,0.0,6199.0,3464.0,0.0,0.0,647.0,0.0,0.0,0.0,0.0,0.0,0.0,0.0,0.0,0.0,0.0
376,2021-03-21,647161,278961,968487,1102353.0,2449147.0,210466.0,324948,865693,303118.0,128389,9906,607050,893366.0,98311.0,338719.0,40322.0,580209.0,323153.0,24220.0,285429.0,60537.0,274405.0,263443.0,29332.0,4447.0,5038.0,56525.0,217951.0,121178.0,16842.0,33464.0,12225.0,14012.0,0.0,0.0,0.0,0.0,6204.0,3471.0,0.0,0.0,648.0,0.0,0.0,0.0,0.0,0.0,0.0,0.0,0.0,0.0,0.0
377,2021-03-22,647984,279828,970202,1104228.0,2479682.0,213110.0,325424,866982,303455.0,128547,9908,607538,893734.0,98448.0,338817.0,40386.0,580631.0,324153.0,24459.0,287009.0,60678.0,275727.0,263569.0,29335.0,4448.0,5039.0,56623.0,217976.0,121261.0,16842.0,33464.0,12225.0,14016.0,0.0,0.0,0.0,0.0,6206.0,3481.0,0.0,0.0,666.0,0.0,0.0,0.0,0.0,0.0,0.0,0.0,0.0,0.0,0.0
378,2021-03-23,648872,280693,971647,1105467.0,2504327.0,215409.0,326026,868367,303867.0,128679,9920,608076,894044.0,98552.0,338963.0,40433.0,580999.0,325678.0,24667.0,288649.0,60878.0,277075.0,263659.0,29339.0,4451.0,5039.0,56708.0,218006.0,121371.0,16842.0,33470.0,12225.0,14016.0,0.0,0.0,0.0,0.0,6206.0,3485.0,0.0,0.0,691.0,0.0,0.0,0.0,0.0,0.0,0.0,0.0,0.0,0.0,0.0
379,2021-03-24,649973,281588,973657,1107452.0,2533026.0,217663.0,326506,869804,304298.0,128836,9929,608709,894536.0,98646.0,339076.0,40520.0,581403.0,327588.0,24881.0,290379.0,61035.0,278577.0,263770.0,29352.0,4452.0,5039.0,56841.0,218058.0,121501.0,16842.0,33479.0,12225.0,14017.0,0.0,0.0,0.0,0.0,6208.0,3495.0,0.0,0.0,697.0,0.0,0.0,0.0,0.0,0.0,0.0,0.0,0.0,0.0,0.0
380,2021-03-25,651227,282569,975955,1109908.0,2564881.0,220276.0,327175,871440,304791.0,129031,9942,609443,895121.0,98880.0,339246.0,40645.0,581865.0,329694.0,25130.0,292169.0,61301.0,280289.0,263940.0,29362.0,4454.0,5041.0,56981.0,218099.0,121695.0,16842.0,33480.0,12226.0,14019.0,0.0,0.0,0.0,0.0,6210.0,3510.0,0.0,0.0,697.0,0.0,0.0,0.0,0.0,0.0,0.0,0.0,0.0,0.0,0.0
381,2021-03-26,652742,283622,978478,1111897.0,2600833.0,222937.0,327890,873219,305309.0,129203,9948,610273,895879.0,99072.0,339460.0,40740.0,582381.0,332113.0,25356.0,294130.0,61616.0,282174.0,264198.0,29367.0,4460.0,5042.0,57170.0,218139.0,121973.0,16842.0,33482.0,12229.0,14022.0,0.0,0.0,0.0,0.0,6212.0,3536.0,0.0,0.0,708.0,0.0,0.0,0.0,0.0,0.0,0.0,0.0,0.0,0.0,0.0
382,2021-03-27,654276,284944,981044,1113722.0,2637735.0,226059.0,328743,875190,305804.0,129413,9965,611301,896863.0,99258.0,339694.0,40836.0,583027.0,334778.0,25604.0,296320.0,61967.0,284265.0,264409.0,29373.0,4463.0,5043.0,57283.0,218176.0,122281.0,16843.0,33490.0,12229.0,14029.0,0.0,0.0,0.0,0.0,6215.0,3554.0,0.0,0.0,714.0,0.0,0.0,0.0,0.0,0.0,0.0,0.0,0.0,0.0,0.0
383,2021-03-28,655834,286327,983930,1115777.0,2673461.0,228864.0,329595,877279,306339.0,129684,9974,612403,897810.0,99515.0,339904.0,40964.0,583839.0,337940.0,25898.0,298596.0,62383.0,286407.0,264604.0,29376.0,4465.0,5044.0,57453.0,218222.0,122621.0,16845.0,33491.0,12229.0,14031.0,0.0,0.0,0.0,0.0,6226.0,3580.0,0.0,0.0,714.0,0.0,0.0,0.0,0.0,0.0,0.0,0.0,0.0,0.0,0.0
384,2021-03-29,657715,287719,987012,1117993.0,2713875.0,231734.0,330676,879473,306742.0,129993,9974,613798,898815.0,99881.0,340194.0,41101.0,584666.0,340093.0,26194.0,300866.0,62660.0,288683.0,264955.0,29385.0,4465.0,5046.0,57584.0,218270.0,122935.0,16845.0,33491.0,12230.0,14032.0,0.0,0.0,0.0,0.0,6227.0,3607.0,0.0,0.0,715.0,0.0,0.0,0.0,0.0,0.0,0.0,0.0,0.0,0.0,0.0
385,2021-03-30,659616,288714,989804,1119542.0,2745518.0,234602.0,331578,881752,307205.0,130228,10007,615078,899812.0,99990.0,340402.0,41226.0,585305.0,341516.0,26468.0,303118.0,62981.0,291006.0,265194.0,29391.0,4468.0,5052.0,57712.0,218310.0,123090.0,16845.0,33493.0,12233.0,14034.0,0.0,0.0,0.0,0.0,6227.0,3623.0,0.0,0.0,715.0,0.0,0.0,0.0,0.0,0.0,0.0,0.0,0.0,0.0,0.0
386,2021-03-31,660611,289694,992779,1121931.0,2773436.0,236790.0,332243,884094,307889.0,130587,10119,615996,900805.0,100118.0,340620.0,41341.0,585933.0,344624.0,26733.0,305338.0,63320.0,293179.0,265268.0,29393.0,4473.0,5081.0,57839.0,218363.0,123508.0,16845.0,33503.0,12233.0,14056.0,0.0,0.0,0.0,0.0,6233.0,3642.0,0.0,0.0,718.0,0.0,0.0,0.0,0.0,0.0,0.0,0.0,0.0,0.0,0.0
387,2021-04-01,662430,290800,997004,1124584.0,2812980.0,239734.0,333149,886673,308776.0,130960,10157,617194,901989.0,100411.0,340917.0,41468.0,586915.0,349187.0,26999.0,307698.0,63605.0,295511.0,265527.0,29400.0,4476.0,5083.0,58039.0,218412.0,124201.0,16845.0,33517.0,12340.0,14065.0,0.0,0.0,0.0,0.0,6235.0,3661.0,0.0,0.0,723.0,0.0,0.0,0.0,0.0,0.0,0.0,0.0,0.0,0.0,0.0
388,2021-04-02,665220,292409,1001238,1127382.0,2856163.0,242895.0,334499,889490,309741.0,131421,10175,619783,903260.0,100911.0,341311.0,41728.0,588189.0,353804.0,27256.0,310108.0,64014.0,298057.0,266015.0,29401.0,4484.0,5084.0,58304.0,218470.0,124891.0,16845.0,33521.0,12345.0,14067.0,0.0,0.0,0.0,0.0,6241.0,3683.0,0.0,0.0,726.0,0.0,0.0,0.0,0.0,0.0,0.0,0.0,0.0,0.0,0.0
389,2021-04-03,668814,294270,1006229,1129890.0,2904076.0,245768.0,335921,892780,310819.0,131938,10189,622736,904548.0,101275.0,341772.0,41941.0,589922.0,357978.0,27543.0,312748.0,64420.0,300834.0,266677.0,29406.0,4487.0,5084.0,58584.0,218533.0,125585.0,16846.0,33523.0,12361.0,14082.0,0.0,0.0,0.0,0.0,6245.0,3703.0,0.0,0.0,733.0,0.0,0.0,0.0,0.0,0.0,0.0,0.0,0.0,0.0,0.0
390,2021-04-04,672381,296229,1010602,1132431.0,2953523.0,248454.0,337596,896226,312140.0,132439,10226,625923,905946.0,101714.0,342224.0,42132.0,591658.0,363796.0,27853.0,315563.0,64838.0,303673.0,267513.0,29415.0,4490.0,5098.0,58803.0,218601.0,126458.0,16849.0,33537.0,12362.0,14106.0,0.0,0.0,0.0,0.0,6251.0,3719.0,0.0,0.0,740.0,0.0,0.0,0.0,0.0,0.0,0.0,0.0,0.0,0.0,0.0
391,2021-04-05,676414,298133,1015155,1135233.0,3010597.0,251460.0,339325,899807,313237.0,133012,10255,630059,907676.0,102264.0,342695.0,42359.0,593615.0,369046.0,28194.0,318438.0,65242.0,306851.0,268377.0,29423.0,4491.0,5109.0,59068.0,218670.0,127246.0,16849.0,33540.0,12363.0,14122.0,0.0,0.0,0.0,0.0,6257.0,3744.0,0.0,0.0,741.0,0.0,0.0,0.0,0.0,0.0,0.0,0.0,0.0,0.0,0.0
392,2021-04-06,679962,300173,1020434,1137590.0,3057885.0,254152.0,341754,903479,314735.0,133454,10303,634033,909002.0,102811.0,343268.0,42539.0,595576.0,376348.0,28479.0,321598.0,65809.0,310249.0,269312.0,29428.0,4500.0,5116.0,59315.0,218740.0,128332.0,16851.0,33554.0,12365.0,14126.0,0.0,0.0,0.0,0.0,6263.0,3770.0,0.0,0.0,744.0,0.0,0.0,0.0,0.0,0.0,0.0,0.0,0.0,0.0,0.0
393,2021-04-07,685062,302272,1026584,1141092.0,3113354.0,257057.0,343990,907124,316649.0,134015,10353,639928,910943.0,103602.0,343856.0,42776.0,597634.0,386269.0,28798.0,324878.0,66237.0,313971.0,270392.0,29435.0,4508.0,5123.0,59702.0,218832.0,129596.0,16853.0,33575.0,12365.0,14135.0,0.0,0.0,0.0,0.0,6286.0,3788.0,0.0,0.0,751.0,0.0,0.0,0.0,0.0,0.0,0.0,0.0,0.0,0.0,0.0
394,2021-04-08,690568,304638,1033560,1144594.0,3173261.0,260020.0,346791,911110,319054.0,134827,10412,645930,913274.0,104711.0,344647.0,42949.0,600024.0,396579.0,29197.0,328453.0,66890.0,318014.0,271919.0,29447.0,4522.0,5131.0,60229.0,219027.0,130908.0,16861.0,33612.0,12376.0,14140.0,0.0,0.0,0.0,0.0,6317.0,3812.0,0.0,0.0,770.0,0.0,0.0,0.0,0.0,0.0,0.0,0.0,0.0,0.0,0.0
395,2021-04-09,698005,307510,1040130,1148947.0,3229547.0,263090.0,350317,915386,321182.0,135662,10503,654404,915832.0,105498.0,345526.0,43242.0,602807.0,407231.0,29521.0,332474.0,67511.0,322338.0,273830.0,29463.0,4558.0,5149.0,60811.0,219272.0,132790.0,16873.0,33644.0,12381.0,14165.0,0.0,0.0,0.0,0.0,6323.0,3842.0,0.0,0.0,778.0,0.0,0.0,0.0,0.0,0.0,0.0,0.0,0.0,0.0,0.0
396,2021-04-10,706526,310504,1048085,1154010.0,3288540.0,266494.0,354287,920827,324091.0,136470,10619,663991,918597.0,106246.0,346808.0,43465.0,606455.0,418678.0,29943.0,337015.0,68173.0,327220.0,276004.0,29475.0,4583.0,5161.0,61239.0,219553.0,134715.0,16875.0,33685.0,12388.0,14207.0,0.0,0.0,0.0,0.0,6329.0,3884.0,0.0,0.0,784.0,0.0,0.0,0.0,0.0,0.0,0.0,0.0,0.0,0.0,0.0
397,2021-04-11,714423,313441,1055040,1160204.0,3343951.0,269733.0,358688,926816,327278.0,137475,10765,676739,921906.0,107479.0,348182.0,43737.0,610498.0,432776.0,30341.0,342026.0,69114.0,332206.0,279473.0,29486.0,4612.0,5175.0,61779.0,219958.0,137088.0,16878.0,33733.0,12400.0,14246.0,0.0,0.0,0.0,0.0,6351.0,4014.0,0.0,0.0,794.0,0.0,0.0,0.0,0.0,0.0,0.0,0.0,0.0,0.0,0.0
398,2021-04-12,725197,316881,1065290,1167190.0,3407245.0,272772.0,363793,933434,329529.0,138390,10780,692015,925401.0,108812.0,349561.0,44043.0,614896.0,443297.0,30743.0,347495.0,69686.0,338145.0,283229.0,29496.0,4619.0,5190.0,62304.0,220310.0,139384.0,16882.0,33743.0,12405.0,14273.0,0.0,0.0,0.0,0.0,6405.0,4083.0,0.0,0.0,799.0,0.0,0.0,0.0,0.0,0.0,0.0,0.0,0.0,0.0,0.0
399,2021-04-13,736688,320699,1074869,1172882.0,3458996.0,276223.0,369564,940145,332581.0,139381,10905,705619,928664.0,110146.0,351302.0,44555.0,619407.0,456873.0,31167.0,353516.0,70775.0,344634.0,286228.0,29514.0,4655.0,5201.0,62780.0,220893.0,141750.0,16888.0,33805.0,12416.0,14300.0,0.0,0.0,0.0,0.0,6410.0,4209.0,0.0,0.0,813.0,0.0,0.0,0.0,0.0,0.0,0.0,0.0,0.0,0.0,0.0
400,2021-04-14,750156,324544,1083647,1180397.0,3519208.0,279203.0,375092,947129,334738.0,140650,11070,723582,932892.0,112071.0,353086.0,44973.0,624224.0,471994.0,31564.0,360206.0,71394.0,353632.0,290385.0,29540.0,4685.0,5209.0,63342.0,221483.0,144594.0,16902.0,33844.0,12427.0,14387.0,0.0,0.0,0.0,0.0,6435.0,4307.0,0.0,0.0,833.0,0.0,0.0,0.0,0.0,0.0,0.0,0.0,0.0,0.0,0.0
401,2021-04-15,767438,329942,1094912,1189175.0,3578160.0,282505.0,381292,954948,338045.0,141736,11278,744021,937049.0,114024.0,355353.0,45449.0,630116.0,486244.0,31985.0,367616.0,72319.0,363352.0,295171.0,29561.0,4722.0,5247.0,63815.0,221868.0,147792.0,16912.0,33871.0,12440.0,14485.0,0.0,0.0,0.0,0.0,6456.0,4420.0,0.0,0.0,845.0,0.0,0.0,0.0,0.0,0.0,0.0,0.0,0.0,0.0,0.0
402,2021-04-16,784137,335800,1109650,1197301.0,3639855.0,286816.0,387950,962935,341885.0,142877,11464,766360,942135.0,116244.0,358342.0,45862.0,636885.0,501500.0,32397.0,375768.0,73353.0,373518.0,301304.0,29579.0,4747.0,5262.0,64572.0,222367.0,151272.0,16920.0,33875.0,12482.0,14582.0,0.0,0.0,0.0,0.0,6497.0,4523.0,0.0,0.0,901.0,0.0,0.0,0.0,0.0,0.0,0.0,0.0,0.0,0.0,0.0
403,2021-04-17,803623,342077,1124509,1207332.0,3703584.0,290707.0,395309,971384,346331.0,144021,11709,793720,948231.0,118646.0,361450.0,46393.0,643795.0,516412.0,32878.0,384688.0,74195.0,384563.0,307557.0,29610.0,4809.0,5289.0,65499.0,222940.0,155115.0,16948.0,33933.0,12504.0,14703.0,0.0,0.0,0.0,0.0,6519.0,4681.0,0.0,0.0,945.0,0.0,0.0,0.0,0.0,0.0,0.0,0.0,0.0,0.0,0.0
404,2021-04-18,827998,349794,1141998,1221167.0,3770707.0,295138.0,404355,980728,351424.0,145166,12071,821054,955455.0,121403.0,364594.0,47108.0,651508.0,532495.0,33309.0,394229.0,75587.0,395832.0,315427.0,29649.0,4859.0,5331.0,66261.0,223816.0,158953.0,16967.0,34002.0,12536.0,14798.0,0.0,0.0,0.0,0.0,6591.0,4748.0,0.0,0.0,1051.0,0.0,0.0,0.0,0.0,0.0,0.0,0.0,0.0,0.0,0.0
405,2021-04-19,853460,356971,1161065,1239424.0,3839338.0,300038.0,414617,991451,355433.0,146692,12131,851620,962037.0,124033.0,368258.0,47771.0,659927.0,544840.0,33934.0,404569.0,76375.0,408080.0,324117.0,29721.0,4904.0,5390.0,67212.0,224455.0,162945.0,16987.0,34034.0,12555.0,14871.0,0.0,0.0,0.0,0.0,6696.0,4803.0,0.0,0.0,1165.0,0.0,0.0,0.0,0.0,0.0,0.0,0.0,0.0,0.0,0.0
406,2021-04-20,877146,363813,1176850,1253068.0,3898262.0,304660.0,426584,1002392,361359.0,148208,12306,879831,968000.0,126193.0,372703.0,48336.0,668353.0,558674.0,34546.0,415972.0,78070.0,420977.0,331604.0,29775.0,4995.0,5421.0,68152.0,225822.0,167235.0,17052.0,34094.0,12568.0,14979.0,0.0,0.0,0.0,0.0,6705.0,5102.0,0.0,0.0,1282.0,0.0,0.0,0.0,0.0,0.0,0.0,0.0,0.0,0.0,0.0
407,2021-04-21,905541,371624,1198644,1272645.0,3960359.0,309316.0,438785,1013378,367901.0,150238,12556,909405,976987.0,129205.0,377464.0,48974.0,678172.0,574299.0,35148.0,428178.0,79410.0,433704.0,342059.0,29869.0,5085.0,5466.0,69312.0,227473.0,172315.0,17113.0,34186.0,12650.0,15116.0,0.0,0.0,0.0,0.0,6796.0,5422.0,0.0,0.0,1335.0,0.0,0.0,0.0,0.0,0.0,0.0,0.0,0.0,0.0,0.0
408,2021-04-22,930179,381247,1222202,1295059.0,4027827.0,314269.0,453407,1025059,373468.0,152442,12739,942511,986703.0,134012.0,382315.0,49593.0,688956.0,588818.0,35770.0,440731.0,81102.0,446811.0,354281.0,29961.0,5158.0,5490.0,70814.0,229138.0,177356.0,17186.0,34262.0,12747.0,15308.0,0.0,0.0,0.0,0.0,6846.0,5672.0,0.0,0.0,1526.0,0.0,0.0,0.0,0.0,0.0,0.0,0.0,0.0,0.0,0.0
409,2021-04-23,956348,390989,1247997,1322054.0,4094840.0,319719.0,467875,1037711,379494.0,154407,12937,976765,997462.0,138010.0,388479.0,50580.0,700904.0,605568.0,36404.0,453836.0,82876.0,459195.0,365770.0,30047.0,5220.0,5527.0,72224.0,231069.0,184951.0,17296.0,34302.0,12800.0,15488.0,0.0,0.0,0.0,0.0,6970.0,5910.0,0.0,0.0,1671.0,0.0,0.0,0.0,0.0,0.0,0.0,0.0,0.0,0.0,0.0
410,2021-04-24,980679,402843,1274959,1350501.0,4161676.0,326447.0,483273,1051487,387106.0,156344,13089,1013370,1009228.0,142349.0,394694.0,51372.0,713780.0,622965.0,37232.0,467640.0,84065.0,472785.0,378442.0,30151.0,5283.0,5569.0,73644.0,233453.0,190692.0,17430.0,34429.0,12889.0,15631.0,0.0,0.0,0.0,0.0,7037.0,6142.0,0.0,0.0,1805.0,0.0,0.0,0.0,0.0,0.0,0.0,0.0,0.0,0.0,0.0
411,2021-04-25,1004782,413334,1304397,1377186.0,4228836.0,332110.0,498628,1066329,395232.0,158374,13237,1051314,1020926.0,147433.0,401341.0,52271.0,728061.0,639696.0,37943.0,481737.0,86138.0,485703.0,390801.0,30281.0,5388.0,5614.0,75184.0,235689.0,195844.0,17546.0,34529.0,13003.0,15786.0,0.0,0.0,0.0,0.0,7158.0,6379.0,0.0,0.0,1962.0,0.0,0.0,0.0,0.0,0.0,0.0,0.0,0.0,0.0,0.0
412,2021-04-26,1027715,424319,1339201,1405655.0,4295027.0,339090.0,514437,1081988,0.0,160755,13357,1086625,1033560.0,151801.0,407457.0,53279.0,743950.0,652362.0,38692.0,496033.0,87501.0,499304.0,403596.0,30421.0,5410.0,5665.0,77477.0,237533.0,201747.0,17607.0,34627.0,13183.0,15994.0,0.0,0.0,0.0,0.0,7306.0,6580.0,401783.0,0.0,2126.0,0.0,0.0,0.0,0.0,0.0,0.0,0.0,0.0,0.0,0.0
413,2021-04-27,1047916,435823,1368945,1427545.0,4343727.0,345366.0,530875,1097672,0.0,162890,13502,1120176,1043441.0,156859.0,414056.0,54026.0,759942.0,667446.0,39513.0,510373.0,89193.0,511990.0,415397.0,30567.0,5513.0,5716.0,79798.0,240670.0,207288.0,17775.0,34738.0,13238.0,16124.0,0.0,0.0,0.0,0.0,7329.0,6726.0,411905.0,0.0,2247.0,0.0,0.0,0.0,0.0,0.0,0.0,0.0,0.0,0.0,0.0
414,2021-04-28,1072065,447754,1400775,1460364.0,4410085.0,351282.0,546964,1113502,0.0,166054,13642,1153097,1054875.0,162562.0,420129.0,55047.0,776345.0,682339.0,40350.0,524725.0,91350.0,525407.0,428001.0,30742.0,5742.0,5764.0,81908.0,243802.0,213414.0,17898.0,34862.0,13445.0,16271.0,0.0,0.0,0.0,0.0,7426.0,6912.0,419966.0,0.0,2401.0,0.0,0.0,0.0,0.0,0.0,0.0,0.0,0.0,0.0,0.0
415,2021-04-29,1098051,460198,1439822,1495377.0,4473394.0,358186.0,563577,1130167,0.0,169077,13758,1182848,1069544.0,168616.0,428515.0,56305.0,793552.0,697902.0,41122.0,538845.0,93889.0,538165.0,441375.0,31001.0,5880.0,5816.0,85009.0,246847.0,221489.0,18062.0,35028.0,13569.0,16430.0,0.0,0.0,0.0,0.0,7577.0,7067.0,427960.0,0.0,2504.0,0.0,0.0,0.0,0.0,0.0,0.0,0.0,0.0,0.0,0.0
416,2021-04-30,1122286,474145,1474846,1533984.0,4539553.0,364910.0,580846,1148064,0.0,172551,13866,1217952,1084336.0,174867.0,435513.0,57427.0,810955.0,713706.0,41923.0,553172.0,96929.0,550927.0,454464.0,31315.0,6019.0,5875.0,88028.0,249926.0,227450.0,18256.0,35169.0,13750.0,16617.0,0.0,0.0,0.0,0.0,7747.0,7334.0,435606.0,0.0,2662.0,0.0,0.0,0.0,0.0,0.0,0.0,0.0,0.0,0.0,0.0
417,2021-05-01,1149333,487978,1523142,1571183.0,4602472.0,370973.0,598001,1166756,0.0,176083,13969,1252324,1101690.0,180521.0,444194.0,58622.0,828366.0,728700.0,42647.0,567777.0,99287.0,563327.0,470317.0,31586.0,6020.0,5949.0,91052.0,253123.0,233411.0,18419.0,35342.0,13976.0,16846.0,0.0,0.0,0.0,0.0,7952.0,7504.0,443360.0,0.0,2767.0,0.0,0.0,0.0,0.0,0.0,0.0,0.0,0.0,0.0,0.0
418,2021-05-02,1174552,501566,1564132,1606819.0,4665754.0,377990.0,615653,1186344,0.0,179915,14086,1282504,1121102.0,186014.0,454607.0,60001.0,845878.0,744602.0,43446.0,581624.0,102038.0,575706.0,484106.0,31905.0,6299.0,6046.0,93355.0,256576.0,239734.0,18636.0,35589.0,14134.0,17108.0,0.0,0.0,0.0,0.0,8211.0,7712.0,450790.0,0.0,2923.0,0.0,0.0,0.0,0.0,0.0,0.0,0.0,0.0,0.0,0.0
419,2021-05-03,1194946,514888,1601865,1638778.0,4722401.0,385270.0,633951,1207112,0.0,183486,14226,1313361,1145022.0,191620.0,462622.0,61361.0,863393.0,756427.0,44306.0,594602.0,104491.0,588368.0,497640.0,32161.0,6358.0,6084.0,95385.0,258961.0,244472.0,18738.0,35723.0,14350.0,17429.0,0.0,0.0,0.0,0.0,8441.0,7871.0,456485.0,0.0,3010.0,0.0,0.0,0.0,0.0,0.0,0.0,0.0,0.0,0.0,0.0
420,2021-05-04,1212989,527773,1646303,1664789.0,4771022.0,392042.0,651247,1228064,0.0,187219,14315,1342413,1163994.0,197023.0,471536.0,62160.0,880894.0,771701.0,45196.0,607422.0,107121.0,600430.0,509047.0,32523.0,6556.0,6150.0,98088.0,263450.0,251371.0,18958.0,35994.0,14451.0,17675.0,0.0,0.0,0.0,0.0,8468.0,8008.0,463361.0,0.0,3080.0,0.0,0.0,0.0,0.0,0.0,0.0,0.0,0.0,0.0,0.0
421,2021-05-05,1232942,543559,1690934,1701979.0,4822902.0,399556.0,668221,1249292,0.0,191869,14560,1368183,1184028.0,204051.0,479752.0,63298.0,898533.0,787486.0,45976.0,620472.0,110945.0,612666.0,523841.0,32956.0,6794.0,6181.0,100902.0,267925.0,257345.0,19192.0,36234.0,14717.0,18014.0,0.0,0.0,0.0,0.0,8698.0,8174.0,469722.0,0.0,3249.0,0.0,0.0,0.0,0.0,0.0,0.0,0.0,0.0,0.0,0.0
422,2021-05-06,1253902,558975,1741046,1743932.0,4880542.0,407509.0,685036,1272602,0.0,196585,14811,1399294,1206232.0,211834.0,489641.0,65117.0,916635.0,802643.0,46793.0,633427.0,114787.0,624985.0,538677.0,33353.0,6964.0,6223.0,104398.0,272751.0,263115.0,19412.0,36534.0,15004.0,18283.0,0.0,0.0,0.0,0.0,8919.0,8325.0,475748.0,0.0,3376.0,0.0,0.0,0.0,0.0,0.0,0.0,0.0,0.0,0.0,0.0
423,2021-05-07,1273035,573815,1790104,1786396.0,4942736.0,416350.0,702568,1297500,0.0,201511,14909,1425916,1228186.0,220351.0,500162.0,66627.0,935066.0,816489.0,47552.0,645972.0,118729.0,637406.0,553803.0,33733.0,7147.0,6255.0,108267.0,277687.0,270089.0,19634.0,36849.0,15271.0,18630.0,0.0,0.0,0.0,0.0,9183.0,8502.0,481640.0,0.0,3528.0,0.0,0.0,0.0,0.0,0.0,0.0,0.0,0.0,0.0,0.0
424,2021-05-08,1292867,587682,1838885,1824856.0,4996758.0,424647.0,720799,1323965,0.0,206954,15023,1453679,1245374.0,229993.0,512400.0,68373.0,954282.0,830117.0,48442.0,658036.0,122906.0,649114.0,567269.0,34333.0,7382.0,6311.0,112462.0,283313.0,276062.0,19802.0,37208.0,15580.0,18927.0,0.0,0.0,0.0,0.0,9451.0,8596.0,487199.0,0.0,3629.0,0.0,0.0,0.0,0.0,0.0,0.0,0.0,0.0,0.0,0.0
425,2021-05-09,1310231,602349,1886448,1866827.0,5053336.0,433689.0,738786,1351362,0.0,211742,15179,1480315,1265439.0,238383.0,524207.0,70076.0,973718.0,842356.0,49312.0,669928.0,128330.0,660712.0,580217.0,34775.0,7551.0,6341.0,116213.0,289069.0,282174.0,20046.0,37559.0,15913.0,19302.0,0.0,0.0,0.0,0.0,9651.0,8737.0,492385.0,0.0,3756.0,0.0,0.0,0.0,0.0,0.0,0.0,0.0,0.0,0.0,0.0
426,2021-05-10,1323567,615897,1934378,1902628.0,5101737.0,442125.0,756707,1380259,0.0,216932,15317,1503490,1287603.0,244273.0,534842.0,71709.0,993159.0,851476.0,50207.0,681012.0,131423.0,671763.0,591476.0,35354.0,7623.0,6367.0,118846.0,292368.0,286343.0,20165.0,37692.0,16150.0,19720.0,0.0,0.0,0.0,0.0,9878.0,8847.0,497361.0,0.0,3881.0,0.0,0.0,0.0,0.0,0.0,0.0,0.0,0.0,0.0,0.0
427,2021-05-11,1336218,628615,1973683,1930115.0,5138973.0,450674.0,773194,1409237,0.0,220546,15429,1524767,1302589.0,249814.0,544873.0,72975.0,1012604.0,863343.0,51070.0,692604.0,135782.0,681478.0,601650.0,35778.0,7796.0,6398.0,121650.0,298171.0,292530.0,20370.0,38158.0,16283.0,20129.0,0.0,0.0,0.0,0.0,9924.0,8928.0,502187.0,0.0,3982.0,0.0,0.0,0.0,0.0,0.0,0.0,0.0,0.0,0.0,0.0
428,2021-05-12,1348699,640252,2013193,1967405.0,5179929.0,459268.0,789274,1438509,0.0,224898,15564,1545212,1322934.0,256934.0,554666.0,75024.0,1032740.0,873060.0,51857.0,703594.0,140759.0,691232.0,612570.0,36370.0,8035.0,6426.0,124774.0,304429.0,296895.0,20575.0,38574.0,16552.0,20579.0,0.0,0.0,0.0,0.0,10165.0,9021.0,506988.0,0.0,3982.0,0.0,0.0,0.0,0.0,0.0,0.0,0.0,0.0,0.0,0.0
429,2021-05-13,1361986,652742,2053191,2010934.0,5226710.0,467539.0,805658,1468864,0.0,229407,15807,1563235,1344386.0,264683.0,565648.0,77031.0,1053117.0,883210.0,52633.0,714611.0,145736.0,700202.0,622433.0,37036.0,8176.0,6470.0,127639.0,310086.0,301257.0,20854.0,39054.0,16890.0,20985.0,0.0,0.0,0.0,0.0,10392.0,9150.0,511711.0,0.0,4202.0,0.0,0.0,0.0,0.0,0.0,0.0,0.0,0.0,0.0,0.0
430,2021-05-14,1372475,665028,2088488,2050889.0,5269292.0,475949.0,821525,1499485,0.0,233763,15916,1580980,1366785.0,271810.0,576297.0,78973.0,1073956.0,892331.0,53393.0,725353.0,150673.0,708621.0,630185.0,37596.0,8377.0,6510.0,130130.0,315554.0,306248.0,21110.0,39606.0,17256.0,21576.0,0.0,0.0,0.0,0.0,10623.0,9257.0,516404.0,0.0,4395.0,0.0,0.0,0.0,0.0,0.0,0.0,0.0,0.0,0.0,0.0
431,2021-05-15,1380981,675636,2130267,2085583.0,5309215.0,483984.0,835814,1531377,0.0,236790,16156,1596627,1388803.0,277585.0,588687.0,80947.0,1094802.0,899925.0,54043.0,735348.0,153717.0,716708.0,637679.0,38322.0,8499.0,6542.0,132585.0,319632.0,310024.0,21373.0,40055.0,17531.0,22203.0,0.0,0.0,0.0,0.0,10855.0,9335.0,520709.0,0.0,4568.0,0.0,0.0,0.0,0.0,0.0,0.0,0.0,0.0,0.0,0.0
432,2021-05-16,1387411,685312,2171931,2118263.0,5344063.0,490755.0,849389,1565035,0.0,240467,16333,1609140,1411320.0,283239.0,600492.0,82545.0,1114313.0,907589.0,54703.0,744409.0,157862.0,724279.0,645015.0,39052.0,8680.0,6568.0,134542.0,324979.0,313181.0,21622.0,40816.0,17835.0,22763.0,0.0,0.0,0.0,0.0,11070.0,9447.0,525007.0,0.0,4650.0,0.0,0.0,0.0,0.0,0.0,0.0,0.0,0.0,0.0,0.0
433,2021-05-17,1393867,694427,2203462,2147967.0,5378452.0,497705.0,859669,1598216,0.0,244608,16452,1619645,1435491.0,287286.0,612224.0,84506.0,1133430.0,912477.0,55367.0,752619.0,160240.0,731385.0,651909.0,39729.0,8829.0,6603.0,135856.0,328629.0,315502.0,21802.0,41151.0,18076.0,23332.0,0.0,0.0,0.0,0.0,11410.0,9550.0,528823.0,0.0,4767.0,0.0,0.0,0.0,0.0,0.0,0.0,0.0,0.0,0.0,0.0
434,2021-05-18,1398391,701915,2242065,2169369.0,5405068.0,504586.0,871266,1631291,0.0,247952,16582,1628990,1454052.0,291005.0,622981.0,85952.0,1152433.0,919054.0,55987.0,759754.0,163786.0,737306.0,657829.0,40059.0,9068.0,6638.0,137418.0,335023.0,318009.0,22106.0,41897.0,18349.0,23966.0,0.0,0.0,0.0,0.0,11480.0,9599.0,532784.0,0.0,4986.0,0.0,0.0,0.0,0.0,0.0,0.0,0.0,0.0,0.0,0.0
435,2021-05-19,1406719,716507,2306655,2233468.0,5467537.0,517954.0,889513,1699225,0.0,255888,16918,1644849,1498532.0,300282.0,644401.0,89508.0,1190867.0,931211.0,56927.0,771447.0,170074.0,747783.0,670174.0,41265.0,9444.0,6709.0,139985.0,347001.0,322828.0,22799.0,43496.0,18958.0,25744.0,0.0,0.0,0.0,0.0,11955.0,9748.0,540603.0,0.0,5466.0,0.0,0.0,0.0,0.0,0.0,0.0,0.0,0.0,0.0,0.0
436,2021-05-20,1409950,722964,2335524,2263959.0,5497448.0,523423.0,897193,1734804,0.0,260057,17025,1651530,1521142.0,303940.0,655899.0,91465.0,1209958.0,936423.0,57331.0,776220.0,172722.0,752735.0,676045.0,41909.0,9740.0,6758.0,141567.0,353574.0,324884.0,23159.0,44359.0,19284.0,26927.0,0.0,0.0,0.0,0.0,12204.0,9850.0,544263.0,0.0,5756.0,0.0,0.0,0.0,0.0,0.0,0.0,0.0,0.0,0.0,0.0
437,2021-05-21,1409950,722964,2335524,2263959.0,5497448.0,523423.0,897193,1734804,0.0,260057,17025,1651530,1521142.0,303940.0,655899.0,91465.0,1209958.0,936423.0,57331.0,776220.0,172722.0,752735.0,676045.0,41909.0,9740.0,6758.0,141567.0,353574.0,324884.0,23159.0,44359.0,19284.0,26927.0,0.0,0.0,0.0,0.0,12204.0,9850.0,544263.0,0.0,5756.0,0.0,0.0,0.0,0.0,0.0,0.0,0.0,0.0,0.0,0.0
438,2021-05-22,1412959,728607,2367742,2293632.0,5527092.0,528676.0,903418,1770988,0.0,263905,17146,1659212,1542079.0,307566.0,668422.0,93167.0,1229805.0,941366.0,57737.0,780471.0,175384.0,757119.0,681199.0,42565.0,10024.0,6789.0,143192.0,359640.0,327035.0,23553.0,45223.0,19593.0,27755.0,0.0,0.0,0.0,0.0,12521.0,9880.0,547727.0,0.0,6101.0,0.0,0.0,0.0,0.0,0.0,0.0,0.0,0.0,0.0,0.0
439,2021-05-23,1415219,733628,2398925,2322146.0,5553225.0,533973.0,909521,1806861,0.0,267313,17277,1665176,1562060.0,310469.0,679530.0,94612.0,1248668.0,945694.0,58129.0,784676.0,177725.0,760963.0,685574.0,43322.0,10220.0,6820.0,144839.0,365620.0,329072.0,23867.0,46099.0,19845.0,28878.0,0.0,0.0,0.0,0.0,12808.0,9925.0,551035.0,0.0,6418.0,0.0,0.0,0.0,0.0,0.0,0.0,0.0,0.0,0.0,0.0
440,2021-05-24,1416868,738028,2424904,2347966.0,5579897.0,538994.0,916042,1842344,0.0,270621,17407,1669891,1580827.0,313519.0,692382.0,96060.0,1267090.0,949000.0,58489.0,788470.0,179034.0,764338.0,689576.0,44089.0,10333.0,6844.0,146460.0,369183.0,330417.0,24093.0,46525.0,20068.0,29681.0,0.0,0.0,0.0,0.0,13132.0,9987.0,553277.0,0.0,6611.0,0.0,0.0,0.0,0.0,0.0,0.0,0.0,0.0,0.0,0.0
441,2021-05-25,1418418,741785,2450215,2365787.0,5602019.0,543475.0,920456,1877211,0.0,272858,17532,1673785,1593821.0,315590.0,703441.0,96982.0,1284973.0,953209.0,58734.0,791657.0,180983.0,767274.0,692420.0,44627.0,10622.0,6853.0,147861.0,375404.0,331811.0,24573.0,47298.0,20259.0,30492.0,0.0,0.0,0.0,0.0,13233.0,10049.0,556320.0,0.0,6847.0,0.0,0.0,0.0,0.0,0.0,0.0,0.0,0.0,0.0,0.0
442,2021-05-26,1419986,744602,2472973,2395590.0,5626155.0,548231.0,923860,1911496,0.0,275822,17810,1677508,1609105.0,318346.0,714380.0,98219.0,1301978.0,956715.0,58992.0,794912.0,182982.0,769696.0,695726.0,45451.0,10937.0,6878.0,149410.0,381171.0,333058.0,25002.0,47965.0,20535.0,31449.0,0.0,0.0,0.0,0.0,13511.0,10092.0,560141.0,0.0,7111.0,0.0,0.0,0.0,0.0,0.0,0.0,0.0,0.0,0.0,0.0
443,2021-05-27,1421477,747740,2499784,2424388.0,5650907.0,552235.0,927746,1945260,0.0,278859,18045,1680684,1627390.0,321337.0,726003.0,99540.0,1318203.0,959544.0,59216.0,797997.0,184347.0,771878.0,698329.0,46298.0,11143.0,6901.0,150897.0,386870.0,334035.0,25376.0,48507.0,20795.0,32295.0,0.0,0.0,0.0,0.0,13806.0,10129.0,563903.0,0.0,7229.0,0.0,0.0,0.0,0.0,0.0,0.0,0.0,0.0,0.0,0.0
444,2021-05-28,1422549,750062,2523998,2448554.0,5672180.0,556089.0,931200,1978621,0.0,281628,18186,1683865,1643557.0,323483.0,732739.0,100677.0,1331249.0,962368.0,59416.0,800866.0,185819.0,773855.0,700897.0,47111.0,11382.0,6917.0,152401.0,392574.0,334730.0,25820.0,49290.0,21023.0,33104.0,0.0,0.0,0.0,0.0,14214.0,10152.0,567517.0,0.0,7364.0,0.0,0.0,0.0,0.0,0.0,0.0,0.0,0.0,0.0,0.0
445,2021-05-29,1423690,752069,2546821,2470872.0,5692920.0,559795.0,933848,2009700,0.0,284431,18310,1686138,1657986.0,325425.0,739995.0,101900.0,1343442.0,965208.0,59577.0,803387.0,187342.0,775709.0,702682.0,47843.0,11659.0,6936.0,153456.0,398010.0,335417.0,26317.0,49885.0,21215.0,33835.0,0.0,0.0,0.0,0.0,14634.0,10207.0,571044.0,0.0,7542.0,0.0,0.0,0.0,0.0,0.0,0.0,0.0,0.0,0.0,0.0
446,2021-05-30,1424646,753937,2567449,2494385.0,5713215.0,562831.0,936162,2039716,0.0,286684,18448,1688152,1671742.0,327112.0,747143.0,102896.0,1354956.0,967645.0,59740.0,805617.0,188604.0,777349.0,704173.0,48850.0,11988.0,6964.0,154419.0,403623.0,336240.0,26778.0,50739.0,21371.0,34448.0,0.0,0.0,0.0,0.0,14907.0,10214.0,574026.0,0.0,7631.0,0.0,0.0,0.0,0.0,0.0,0.0,0.0,0.0,0.0,0.0
447,2021-05-31,1425592,755389,2587827,2514279.0,5731815.0,565415.0,938460,2068580,0.0,288940,18497,1690016,1685142.0,328338.0,756684.0,103826.0,1366240.0,969300.0,59922.0,807488.0,189465.0,778825.0,705648.0,49882.0,12087.0,6984.0,155064.0,406868.0,336943.0,26950.0,51133.0,21563.0,35190.0,0.0,0.0,0.0,0.0,15171.0,10256.0,575827.0,0.0,7928.0,0.0,0.0,0.0,0.0,0.0,0.0,0.0,0.0,0.0,0.0
448,2021-06-01,1426240,756635,2604431,2526579.0,5746892.0,567607.0,939958,2096516,0.0,290465,18662,1691488,1693085.0,329494.0,764997.0,104453.0,1376377.0,971463.0,60046.0,809169.0,190330.0,780030.0,706761.0,50751.0,12399.0,7005.0,155666.0,411216.0,337774.0,27272.0,51974.0,21680.0,35598.0,0.0,0.0,0.0,0.0,15317.0,10286.0,578351.0,0.0,8077.0,0.0,0.0,0.0,0.0,0.0,0.0,0.0,0.0,0.0,0.0
449,2021-06-02,1426863,757868,2618735,2546339.0,5761015.0,569756.0,940960,2123029,0.0,292360,18750,1692709,1704388.0,330475.0,773732.0,105432.0,1385801.0,973349.0,60154.0,810730.0,191251.0,781108.0,707935.0,51549.0,12634.0,7018.0,156569.0,415898.0,338383.0,27642.0,52545.0,21854.0,36065.0,0.0,0.0,0.0,0.0,15626.0,10300.0,580844.0,0.0,8166.0,0.0,0.0,0.0,0.0,0.0,0.0,0.0,0.0,0.0,0.0
450,2021-06-03,1427439,759039,2635122,2566000.0,5776184.0,571970.0,942236,2148346,0.0,294078,18841,1693992,1717156.0,331478.0,782131.0,106299.0,1394724.0,975141.0,60288.0,812063.0,192142.0,782099.0,709093.0,52278.0,12859.0,7043.0,157275.0,420076.0,338915.0,28018.0,53222.0,22072.0,36597.0,0.0,0.0,0.0,0.0,15876.0,10331.0,583228.0,0.0,8335.0,0.0,0.0,0.0,0.0,0.0,0.0,0.0,0.0,0.0,0.0
451,2021-06-04,1428449,760914,2669514,2601082.0,5805565.0,576119.0,944500,2195402,0.0,297602,19076,1696325,1738990.0,332959.0,798699.0,107826.0,1411448.0,978220.0,60487.0,814390.0,193924.0,783743.0,711190.0,53690.0,13300.0,7088.0,158423.0,428933.0,340408.0,28786.0,54580.0,22387.0,37733.0,0.0,0.0,0.0,0.0,16518.0,10377.0,587664.0,0.0,8568.0,0.0,0.0,0.0,0.0,0.0,0.0,0.0,0.0,0.0,0.0
452,2021-06-05,1428449,760914,2669514,2601082.0,5805565.0,576119.0,944500,2195402,0.0,297602,19076,1696325,1738990.0,332959.0,798699.0,107826.0,1411448.0,978220.0,60487.0,814390.0,193924.0,783743.0,711190.0,53690.0,13300.0,7088.0,158423.0,428933.0,340408.0,28786.0,54580.0,22387.0,37733.0,0.0,0.0,0.0,0.0,16518.0,10377.0,587664.0,0.0,8568.0,0.0,0.0,0.0,0.0,0.0,0.0,0.0,0.0,0.0,0.0
453,2021-06-06,1428863,761637,2683314,2618410.0,5819224.0,577997.0,945442,2216812,0.0,299050,19147,1697352,1749363.0,333578.0,806094.0,108439.0,1419130.0,979576.0,60585.0,815386.0,194742.0,784461.0,712197.0,54407.0,13567.0,7105.0,158990.0,432714.0,340925.0,29113.0,55234.0,22696.0,38230.0,0.0,0.0,0.0,0.0,16771.0,10387.0,589734.0,0.0,8667.0,0.0,0.0,0.0,0.0,0.0,0.0,0.0,0.0,0.0,0.0
454,2021-06-07,1429244,762291,2695523,2633082.0,5831781.0,579560.0,946346,2237233,0.0,300490,19197,1698389,1758339.0,334024.0,813096.0,109079.0,1426132.0,980575.0,60659.0,816234.0,195099.0,785196.0,713117.0,55230.0,13679.0,7119.0,159393.0,434942.0,341218.0,29336.0,55469.0,22773.0,38718.0,0.0,0.0,0.0,0.0,17111.0,10394.0,591170.0,0.0,8737.0,0.0,0.0,0.0,0.0,0.0,0.0,0.0,0.0,0.0,0.0
455,2021-06-08,1429475,762931,2707481,2642395.0,5842000.0,580829.0,946975,2256681,0.0,301467,19258,1699083,1763211.0,334419.0,819214.0,109561.0,1432019.0,981860.0,60707.0,817012.0,195755.0,785767.0,713879.0,55828.0,13996.0,7131.0,159811.0,438746.0,341576.0,29696.0,56169.0,22918.0,39156.0,0.0,0.0,0.0,0.0,17170.0,10419.0,593103.0,0.0,8775.0,0.0,0.0,0.0,0.0,0.0,0.0,0.0,0.0,0.0,0.0
456,2021-06-09,1430128,764094,2728248,2674166.0,5863880.0,583474.0,948024,2292025,0.0,303749,19385,1700476,1779773.0,335478.0,831129.0,110748.0,1442830.0,983916.0,60862.0,818351.0,196905.0,786755.0,0.0,57351.0,14534.0,7168.0,160740.0,446445.0,342481.0,30247.0,57452.0,23237.0,39983.0,0.0,0.0,0.0,0.0,17656.0,10437.0,596813.0,0.0,9002.0,0.0,0.0,0.0,0.0,715179.0,0.0,0.0,0.0,0.0,0.0
457,2021-06-10,1430433,764633,2739290,2688590.0,5876087.0,584785.0,948562,2308838,0.0,304866,19475,1701072,1787883.0,335866.0,837226.0,111255.0,1448104.0,984950.0,60928.0,818895.0,197438.0,787175.0,0.0,58081.0,14743.0,7197.0,161153.0,450201.0,342774.0,30492.0,58093.0,23350.0,40586.0,0.0,0.0,0.0,0.0,17943.0,10445.0,598611.0,0.0,9073.0,0.0,0.0,0.0,0.0,715730.0,0.0,0.0,0.0,0.0,0.0
458,2021-06-11,1430433,764633,2739290,2688590.0,5876087.0,584785.0,948562,2308838,0.0,304866,19475,1701072,1787883.0,335866.0,837226.0,111255.0,1448104.0,984950.0,60928.0,818895.0,197438.0,787175.0,0.0,58081.0,14743.0,7197.0,161153.0,450201.0,342774.0,30492.0,58093.0,23350.0,40586.0,0.0,0.0,0.0,0.0,17943.0,10445.0,598611.0,0.0,9073.0,0.0,0.0,0.0,0.0,715730.0,0.0,0.0,0.0,0.0,0.0
459,2021-06-12,1430671,765096,2747539,2702823.0,5887853.0,585986.0,949008,2324597,0.0,305772,19506,1701668,1796122.0,336153.0,842461.0,111684.0,1452987.0,985691.0,60998.0,819376.0,197943.0,787572.0,0.0,58768.0,14921.0,7233.0,161576.0,453867.0,343065.0,30850.0,58521.0,23466.0,41100.0,0.0,0.0,0.0,0.0,18090.0,10456.0,600318.0,0.0,9122.0,0.0,0.0,0.0,0.0,716296.0,0.0,0.0,0.0,0.0,0.0
460,2021-06-13,1431139,765861,2765134,2728239.0,5908992.0,587903.0,949684,2353721,0.0,307412,19561,1702624,1809844.0,336879.0,851782.0,112528.0,1461257.0,986963.0,61110.0,820321.0,198550.0,788183.0,717215.0,59852.0,15364.0,7261.0,162468.0,459497.0,343458.0,31282.0,59321.0,23644.0,41906.0,0.0,0.0,0.0,0.0,18414.0,10463.0,603369.0,0.0,9209.0,0.0,0.0,0.0,0.0,0.0,0.0,0.0,0.0,0.0,0.0
461,2021-06-14,1431270,766129,2771969,2735958.0,5917121.0,588525.0,949961,2366493,0.0,308011,19611,1702937,1814393.0,337175.0,856121.0,112837.0,1464776.0,987563.0,61160.0,820726.0,198876.0,788425.0,717539.0,60311.0,15631.0,7269.0,162721.0,463175.0,343609.0,31648.0,59849.0,23753.0,42309.0,0.0,0.0,0.0,0.0,18450.0,10464.0,604880.0,0.0,9236.0,0.0,0.0,0.0,0.0,0.0,0.0,0.0,0.0,0.0,0.0
462,2021-06-15,1431498,766357,2777010,2748204.0,5924773.0,589153.0,950133,2378298,0.0,308726,19649,1703207,1820134.0,337449.0,859526.0,113192.0,1468044.0,988172.0,61200.0,821078.0,199197.0,788649.0,717949.0,61096.0,15899.0,7280.0,163048.0,466590.0,343793.0,31938.0,60385.0,23854.0,42759.0,0.0,0.0,0.0,0.0,18659.0,10473.0,606436.0,0.0,9297.0,0.0,0.0,0.0,0.0,0.0,0.0,0.0,0.0,0.0,0.0
463,2021-06-16,1431710,766606,2784355,2761474.0,5934880.0,589828.0,950413,2388746,0.0,309361,19682,1703458,1826751.0,337802.0,863061.0,113622.0,1471231.0,988745.0,61241.0,821376.0,199407.0,788809.0,718319.0,61848.0,16135.0,7306.0,163358.0,469976.0,343983.0,32188.0,60872.0,23965.0,43254.0,0.0,0.0,0.0,0.0,18806.0,10481.0,607925.0,0.0,9339.0,0.0,0.0,0.0,0.0,0.0,0.0,0.0,0.0,0.0,0.0
464,2021-06-17,1431868,766838,2790338,2773943.0,5944710.0,590556.0,950618,2397864,0.0,310017,19704,1703733,1832902.0,338066.0,866692.0,113948.0,1474249.0,989335.0,61310.0,821659.0,199699.0,788954.0,718704.0,62343.0,16437.0,7335.0,163612.0,473453.0,344129.0,32483.0,61339.0,24041.0,43732.0,0.0,0.0,0.0,0.0,18896.0,10492.0,609417.0,0.0,9377.0,0.0,0.0,0.0,0.0,0.0,0.0,0.0,0.0,0.0,0.0
465,2021-06-18,1431868,766838,2790338,2773943.0,5944710.0,590556.0,950618,2397864,0.0,310017,19704,1703733,1832902.0,338066.0,866692.0,113948.0,1474249.0,989335.0,61310.0,821659.0,199699.0,788954.0,718704.0,62343.0,16437.0,7335.0,163612.0,473453.0,344129.0,32483.0,61339.0,24041.0,43732.0,0.0,0.0,0.0,0.0,18896.0,10492.0,609417.0,0.0,9377.0,0.0,0.0,0.0,0.0,0.0,0.0,0.0,0.0,0.0,0.0
466,2021-06-19,1432168,767217,2801936,2797747.0,5963420.0,591762.0,950961,2414680,0.0,311209,19783,1704139,1844917.0,338508.0,873925.0,114596.0,1479523.0,990323.0,61403.0,822149.0,200282.0,789174.0,719400.0,63538.0,16943.0,7394.0,164229.0,480730.0,344405.0,32923.0,62149.0,24191.0,44896.0,0.0,0.0,0.0,0.0,19209.0,10510.0,612196.0,0.0,9430.0,0.0,0.0,0.0,0.0,0.0,0.0,0.0,0.0,0.0,0.0
467,2021-06-20,1432292,767418,2806453,2809394.0,5972781.0,592303.0,951105,2422497,0.0,311794,19805,1704358,1850563.0,338644.0,877502.0,114847.0,1481707.0,990675.0,61430.0,822334.0,200410.0,789261.0,719694.0,64065.0,17605.0,7406.0,164436.0,482505.0,344543.0,33081.0,62324.0,24248.0,45286.0,0.0,0.0,0.0,0.0,19296.0,10514.0,613202.0,0.0,9443.0,0.0,0.0,0.0,0.0,0.0,0.0,0.0,0.0,0.0,0.0
468,2021-06-21,1432292,767418,2806453,2809394.0,5972781.0,592303.0,951105,2422497,0.0,311794,19805,1704358,1850563.0,338644.0,877502.0,114847.0,1481707.0,990675.0,61430.0,822334.0,200410.0,789261.0,719694.0,64065.0,17605.0,7406.0,164436.0,482505.0,344543.0,33081.0,62324.0,24248.0,45286.0,0.0,0.0,0.0,0.0,19296.0,10514.0,613202.0,0.0,9443.0,0.0,0.0,0.0,0.0,0.0,0.0,0.0,0.0,0.0,0.0
469,2021-06-22,1432381,767580,2811320,2816843.0,5979051.0,592658.0,951256,2429924,0.0,312156,19838,1704476,1853183.0,338807.0,880533.0,115080.0,1483586.0,991171.0,61444.0,822485.0,200603.0,789350.0,719939.0,64418.0,17979.0,7415.0,164654.0,485310.0,344665.0,33375.0,62745.0,24374.0,45555.0,0.0,0.0,0.0,0.0,19321.0,10516.0,614399.0,0.0,9471.0,0.0,0.0,0.0,0.0,0.0,0.0,0.0,0.0,0.0,0.0
470,2021-06-23,1432778,767726,2815029,2829460.0,5987521.0,593063.0,951393,2436819,0.0,312584,19871,1704678,1857352.0,338978.0,883490.0,115364.0,1485438.0,991653.0,61467.0,822620.0,200791.0,789415.0,720207.0,64993.0,18409.0,7425.0,164957.0,488179.0,344775.0,33664.0,63140.0,24438.0,45976.0,0.0,0.0,0.0,0.0,19458.0,10520.0,615574.0,0.0,9504.0,0.0,0.0,0.0,0.0,0.0,0.0,0.0,0.0,0.0,0.0
471,2021-06-24,1433366,767900,2819465,2842247.0,5997587.0,593572.0,951548,2443415,0.0,313028,19881,1704790,1862036.0,339127.0,886946.0,115627.0,1487363.0,992074.0,61520.0,822758.0,201049.0,789499.0,720505.0,65622.0,18624.0,7438.0,165197.0,490907.0,344914.0,33916.0,63499.0,24541.0,46458.0,0.0,0.0,0.0,0.0,19589.0,10523.0,616688.0,0.0,9559.0,0.0,0.0,0.0,0.0,0.0,0.0,0.0,0.0,0.0,0.0
472,2021-06-25,1433590,768142,2826754,2865871.0,6017035.0,594279.0,951826,2455332,0.0,313974,19920,1705220,1871475.0,339373.0,893508.0,116186.0,1491219.0,992684.0,61581.0,823010.0,201363.0,789611.0,720924.0,66756.0,19091.0,7441.0,165648.0,496481.0,345161.0,34480.0,64159.0,24759.0,47480.0,0.0,0.0,0.0,0.0,19811.0,10530.0,618837.0,0.0,9632.0,0.0,0.0,0.0,0.0,0.0,0.0,0.0,0.0,0.0,0.0
473,2021-06-26,1433590,768142,2826754,2865871.0,6017035.0,594279.0,951826,2455332,0.0,313974,19920,1705220,1871475.0,339373.0,893508.0,116186.0,1491219.0,992684.0,61581.0,823010.0,201363.0,789611.0,720924.0,66756.0,19091.0,7441.0,165648.0,496481.0,345161.0,34480.0,64159.0,24759.0,47480.0,0.0,0.0,0.0,0.0,19811.0,10530.0,618837.0,0.0,9632.0,0.0,0.0,0.0,0.0,0.0,0.0,0.0,0.0,0.0,0.0
474,2021-06-27,1433675,768263,2831026,2877989.0,6026847.0,594586.0,951967,2460747,0.0,314316,19941,1705384,1875622.0,339537.0,897062.0,116414.0,1493113.0,993045.0,61604.0,823132.0,201547.0,789657.0,721114.0,67317.0,19324.0,7446.0,165883.0,499121.0,345259.0,34767.0,64644.0,24850.0,47985.0,0.0,0.0,0.0,0.0,19941.0,10534.0,619865.0,0.0,9659.0,0.0,0.0,0.0,0.0,0.0,0.0,0.0,0.0,0.0,0.0
475,2021-06-28,1433934,768378,2834630,2888894.0,6036821.0,594883.0,952129,2465874,0.0,314731,19964,1705596,1879872.0,339619.0,900470.0,116645.0,1494949.0,993289.0,61624.0,823244.0,201665.0,789696.0,721299.0,67986.0,19455.0,7455.0,166098.0,500644.0,345340.0,34932.0,64863.0,24961.0,48447.0,0.0,0.0,0.0,0.0,20111.0,10539.0,620613.0,0.0,9681.0,0.0,0.0,0.0,0.0,0.0,0.0,0.0,0.0,0.0,0.0
476,2021-06-29,1433993,768474,2837206,2896957.0,6043548.0,595136.0,952201,2470678,0.0,314990,20022,1705779,1882096.0,339739.0,903789.0,116789.0,1496710.0,993694.0,61632.0,823340.0,201813.0,789733.0,721464.0,68418.0,19819.0,7462.0,166236.0,503333.0,345430.0,35227.0,65339.0,25017.0,48783.0,0.0,0.0,0.0,0.0,20182.0,10547.0,621606.0,0.0,9715.0,0.0,0.0,0.0,0.0,0.0,0.0,0.0,0.0,0.0,0.0
477,2021-06-30,1434094,768552,2840428,2910507.0,6051633.0,595351.0,952322,2475190,0.0,315298,20038,1705951,1885716.0,339933.0,906429.0,116985.0,1498305.0,994077.0,61656.0,823433.0,201980.0,789771.0,721654.0,69198.0,20075.0,7466.0,166449.0,506005.0,345525.0,35571.0,65770.0,25111.0,49161.0,0.0,0.0,0.0,0.0,20324.0,10555.0,622593.0,0.0,9742.0,0.0,0.0,0.0,0.0,0.0,0.0,0.0,0.0,0.0,0.0
478,2021-08-01,1436265,769913,2905124,3390761.0,6303715.0,599104.0,953667,2559597,0.0,321462,20338,1708441,1966175.0,342139.0,977268.0,120915.0,1528019.0,1002008.0,61953.0,824877.0,206027.0,791828.0,724835.0,98499.0,38925.0,7537.0,171146.0,566198.0,347173.0,48122.0,78583.0,27872.0,65000.0,0.0,0.0,0.0,0.0,26548.0,10650.0,644951.0,0.0,10189.0,0.0,0.0,0.0,0.0,0.0,0.0,0.0,0.0,0.0,0.0
479,2021-08-02,1436350,769942,2906999,3411489.0,6310194.0,599130.0,953688,2561587,0.0,321607,20340,1708476,1968462.0,342161.0,978705.0,121005.0,1528720.0,1002222.0,61954.0,824900.0,206161.0,791845.0,724880.0,99331.0,39363.0,7539.0,171205.0,566982.0,347200.0,48260.0,78722.0,27945.0,65589.0,0.0,0.0,0.0,0.0,26754.0,10650.0,645406.0,0.0,10195.0,0.0,0.0,0.0,0.0,0.0,0.0,0.0,0.0,0.0,0.0
480,2021-08-03,1436401,769956,2908284,3425473.0,6315063.0,599162.0,953704,2563544,0.0,321725,20345,1708500,1970008.0,342198.0,979737.0,121059.0,1529295.0,1002458.0,61960.0,824922.0,206369.0,791862.0,724917.0,99872.0,40111.0,7539.0,171295.0,568257.0,347223.0,48565.0,79026.0,28004.0,65939.0,0.0,0.0,0.0,0.0,26880.0,10650.0,645997.0,0.0,10207.0,0.0,0.0,0.0,0.0,0.0,0.0,0.0,0.0,0.0,0.0
481,2021-08-04,1436518,770009,2911727,3471563.0,6327194.0,599266.0,953733,2567401,0.0,322014,20365,1708623,1973996.0,342283.0,982181.0,121252.0,1530850.0,1002735.0,61965.0,824954.0,206832.0,791908.0,725023.0,101390.0,42083.0,7541.0,171506.0,570504.0,347276.0,49203.0,79532.0,28217.0,67016.0,0.0,0.0,0.0,0.0,27342.0,10652.0,647229.0,0.0,10231.0,0.0,0.0,0.0,0.0,0.0,0.0,0.0,0.0,0.0,0.0
482,2021-08-05,1436518,770009,2911727,3471563.0,6327194.0,599266.0,953733,2567401,0.0,322014,20365,1708623,1973996.0,342283.0,982181.0,121252.0,1530850.0,1002735.0,61965.0,824954.0,206832.0,791908.0,725023.0,101390.0,42083.0,7541.0,171506.0,570504.0,347276.0,49203.0,79532.0,28217.0,67016.0,0.0,0.0,0.0,0.0,27342.0,10652.0,647229.0,0.0,10231.0,0.0,0.0,0.0,0.0,0.0,0.0,0.0,0.0,0.0,0.0
483,2021-08-06,1436579,770027,2913512,3493603.0,6336220.0,599304.0,953773,2569398,0.0,322142,20369,1708649,1976141.0,342307.0,983523.0,121333.0,1531662.0,1002849.0,61966.0,824978.0,207088.0,791919.0,725067.0,102147.0,42808.0,7541.0,171608.0,571571.0,347304.0,49441.0,79777.0,28335.0,67592.0,0.0,0.0,0.0,0.0,27526.0,10652.0,647811.0,0.0,10235.0,0.0,0.0,0.0,0.0,0.0,0.0,0.0,0.0,0.0,0.0
484,2021-08-07,1436623,770042,2915317,3513551.0,6341759.0,599365.0,953793,2571383,0.0,322286,20378,1708689,1978350.0,342336.0,984731.0,121421.0,1532379.0,1002958.0,61970.0,825001.0,207344.0,791937.0,725122.0,102889.0,43530.0,7541.0,171705.0,572546.0,347336.0,49668.0,79948.0,28445.0,68107.0,0.0,0.0,0.0,0.0,27652.0,10652.0,648388.0,0.0,10243.0,0.0,0.0,0.0,0.0,0.0,0.0,0.0,0.0,0.0,0.0
485,2021-08-08,1436695,770060,2916927,3533918.0,6347820.0,599428.0,953812,2573352,0.0,322428,20385,1708716,1980258.0,342374.0,985827.0,121523.0,1533128.0,1003078.0,61974.0,825020.0,207700.0,791950.0,725158.0,103588.0,44239.0,7544.0,171814.0,573532.0,347373.0,49916.0,80134.0,28551.0,68631.0,0.0,0.0,0.0,0.0,27746.0,10652.0,648957.0,0.0,10247.0,0.0,0.0,0.0,0.0,0.0,0.0,0.0,0.0,0.0,0.0
486,2021-08-09,1436761,770079,2918525,3552525.0,6353328.0,599482.0,953827,2575308,0.0,322550,20393,1708772,1982308.0,342392.0,987070.0,121602.0,1533803.0,1003154.0,61978.0,825045.0,207887.0,791960.0,725192.0,104324.0,44520.0,7546.0,171883.0,574100.0,347392.0,50070.0,80211.0,28628.0,69171.0,0.0,0.0,0.0,0.0,27860.0,10653.0,649406.0,0.0,10249.0,0.0,0.0,0.0,0.0,0.0,0.0,0.0,0.0,0.0,0.0
487,2021-08-10,1436800,770091,2919711,3565574.0,6357833.0,599514.0,953840,2577237,0.0,322658,20400,1708793,1983721.0,342423.0,987956.0,121665.0,1534360.0,1003244.0,61984.0,825064.0,208197.0,791970.0,725235.0,104791.0,45457.0,7546.0,171944.0,575220.0,347406.0,50372.0,80416.0,28709.0,69358.0,0.0,0.0,0.0,0.0,27908.0,10653.0,649859.0,0.0,10249.0,0.0,0.0,0.0,0.0,0.0,0.0,0.0,0.0,0.0,0.0
488,2021-08-11,1436852,770114,2921049,3586693.0,6363442.0,599573.0,953851,2579130,0.0,322771,20411,1708812,1985182.0,342462.0,988997.0,121766.0,1534999.0,1003356.0,61992.0,825085.0,208616.0,791980.0,725279.0,105424.0,46320.0,7548.0,172085.0,576149.0,347440.0,50605.0,80660.0,28811.0,69769.0,0.0,0.0,0.0,0.0,28018.0,10654.0,650353.0,0.0,10263.0,0.0,0.0,0.0,0.0,0.0,0.0,0.0,0.0,0.0,0.0
489,2021-08-12,1436889,770130,2922875,3610193.0,6369002.0,599678.0,953870,2581094,0.0,322885,20421,1708836,1987051.0,342502.0,990075.0,121880.0,1535699.0,1003439.0,61997.0,825101.0,208990.0,791990.0,725326.0,106030.0,46896.0,7548.0,172188.0,577035.0,347454.0,50793.0,80800.0,28875.0,70232.0,0.0,0.0,0.0,0.0,28175.0,10654.0,650835.0,0.0,10268.0,0.0,0.0,0.0,0.0,0.0,0.0,0.0,0.0,0.0,0.0
490,2021-08-13,1436938,770146,2924732,3631638.0,6375390.0,599758.0,953887,2583036,0.0,323061,20430,1708851,1988910.0,342526.0,991182.0,121989.0,1536446.0,1003537.0,62009.0,825118.0,209344.0,791998.0,725369.0,106707.0,47471.0,7548.0,172276.0,577970.0,347498.0,50973.0,80980.0,28955.0,70661.0,0.0,0.0,0.0,0.0,28275.0,10655.0,651288.0,0.0,10274.0,0.0,0.0,0.0,0.0,0.0,0.0,0.0,0.0,0.0,0.0
491,2021-08-14,1437038,770186,2928033,3671541.0,6387863.0,599896.0,953925,2586885,0.0,323325,20445,1708918,1992191.0,342572.0,993507.0,122203.0,1537890.0,1003697.0,62028.0,825166.0,209961.0,792023.0,725455.0,107668.0,48462.0,7548.0,172431.0,579488.0,347558.0,51300.0,81259.0,29097.0,71388.0,0.0,0.0,0.0,0.0,28554.0,10655.0,652135.0,0.0,10285.0,0.0,0.0,0.0,0.0,0.0,0.0,0.0,0.0,0.0,0.0
492,2021-08-15,1437091,770208,2929464,3690123.0,6392660.0,599942.0,953943,2588781,0.0,323422,20451,1708948,1993697.0,342588.0,994565.0,122282.0,1538563.0,1003746.0,62029.0,825182.0,210143.0,792036.0,725483.0,108270.0,48711.0,7548.0,172506.0,579899.0,347585.0,51348.0,81311.0,29151.0,71808.0,0.0,0.0,0.0,0.0,28706.0,10655.0,652380.0,0.0,10288.0,0.0,0.0,0.0,0.0,0.0,0.0,0.0,0.0,0.0,0.0
493,2021-08-16,1437118,770230,2930529,3702417.0,6396805.0,599972.0,953954,2590632,0.0,323499,20455,1708965,1994606.0,342606.0,995433.0,122331.0,1539065.0,1003814.0,62031.0,825196.0,210419.0,792043.0,725497.0,108545.0,49350.0,7549.0,172568.0,580657.0,347620.0,51513.0,81443.0,29195.0,72160.0,0.0,0.0,0.0,0.0,28726.0,10657.0,652785.0,0.0,10294.0,0.0,0.0,0.0,0.0,0.0,0.0,0.0,0.0,0.0,0.0
494,2021-08-17,1437156,770245,2931827,3724030.0,6401213.0,600008.0,953960,2592436,0.0,323582,20466,1708991,1995669.0,342637.0,996153.0,122391.0,1539612.0,1003870.0,62035.0,825213.0,210719.0,792054.0,725518.0,108948.0,49950.0,7549.0,172683.0,581398.0,347635.0,51655.0,81584.0,29274.0,72412.0,0.0,0.0,0.0,0.0,28830.0,10657.0,653202.0,0.0,10295.0,0.0,0.0,0.0,0.0,0.0,0.0,0.0,0.0,0.0,0.0
495,2021-08-18,1437156,770245,2931827,3724030.0,6401213.0,600008.0,953960,2592436,0.0,323582,20466,1708991,1995669.0,342637.0,996153.0,122391.0,1539612.0,1003870.0,62035.0,825213.0,210719.0,792054.0,725518.0,108948.0,49950.0,7549.0,172683.0,581398.0,347635.0,51655.0,81584.0,29274.0,72412.0,0.0,0.0,0.0,0.0,28830.0,10657.0,653202.0,0.0,10295.0,0.0,0.0,0.0,0.0,0.0,0.0,0.0,0.0,0.0,0.0
496,2021-08-19,1437217,770291,2934624,3766573.0,6411570.0,600123.0,953981,2595935,0.0,323792,20480,1709050,1998603.0,342701.0,998187.0,122676.0,1540989.0,1003995.0,62051.0,825255.0,211277.0,792081.0,725549.0,109843.0,50959.0,7553.0,172846.0,582750.0,347690.0,51919.0,81826.0,29390.0,72985.0,0.0,0.0,0.0,0.0,29075.0,10657.0,654035.0,0.0,10301.0,0.0,0.0,0.0,0.0,0.0,0.0,0.0,0.0,0.0,0.0
497,2021-08-20,1437217,770291,2934624,3766573.0,6411570.0,600123.0,953981,2595935,0.0,323792,20480,1709050,1998603.0,342701.0,998187.0,122676.0,1540989.0,1003995.0,62051.0,825255.0,211277.0,792081.0,725549.0,109843.0,50959.0,7553.0,172846.0,582750.0,347690.0,51919.0,81826.0,29390.0,72985.0,0.0,0.0,0.0,0.0,29075.0,10657.0,654035.0,0.0,10301.0,0.0,0.0,0.0,0.0,0.0,0.0,0.0,0.0,0.0,0.0
498,2021-08-21,1437274,770312,2936077,3786797.0,6415935.0,600180.0,953995,2597603,0.0,323951,20483,1709076,2000038.0,342716.0,999173.0,122773.0,1541747.0,1004043.0,62056.0,825272.0,211432.0,792089.0,725560.0,110215.0,51604.0,7556.0,172966.0,583458.0,347707.0,52044.0,81941.0,29482.0,73217.0,0.0,0.0,0.0,0.0,29157.0,10657.0,654394.0,0.0,10306.0,0.0,0.0,0.0,0.0,0.0,0.0,0.0,0.0,0.0,0.0
499,2021-08-22,1437317,770347,2938616,3814305.0,6424651.0,600266.0,954023,2600885,0.0,324202,20491,1709119,2002340.0,342749.0,1000937.0,122892.0,1542986.0,1004144.0,65066.0,825302.0,211746.0,792101.0,725588.0,110942.0,52472.0,7557.0,173164.0,584434.0,347730.0,52214.0,82095.0,29589.0,73765.0,0.0,0.0,0.0,0.0,29314.0,10659.0,654989.0,0.0,10309.0,0.0,0.0,0.0,0.0,0.0,0.0,0.0,0.0,0.0,0.0
500,2021-08-23,1437334,770362,2939767,3827688.0,6428294.0,600292.0,954030,2602489,0.0,324295,20499,1709126,2003342.0,342771.0,1001698.0,122934.0,1543496.0,1004183.0,65068.0,825316.0,211979.0,792104.0,725596.0,111212.0,53317.0,7559.0,173221.0,585134.0,347748.0,52308.0,82260.0,29622.0,74070.0,0.0,0.0,0.0,0.0,29340.0,10659.0,655343.0,0.0,10317.0,0.0,0.0,0.0,0.0,0.0,0.0,0.0,0.0,0.0,0.0
501,2021-08-24,1437334,770362,2939767,3827688.0,6428294.0,600292.0,954030,2602489,0.0,324295,20499,1709126,2003342.0,342771.0,1001698.0,122934.0,1543496.0,1004183.0,65068.0,825316.0,211979.0,792104.0,725596.0,111212.0,53317.0,7559.0,173221.0,585134.0,347748.0,52308.0,82260.0,29622.0,74070.0,0.0,0.0,0.0,0.0,29340.0,10659.0,655343.0,0.0,10317.0,0.0,0.0,0.0,0.0,0.0,0.0,0.0,0.0,0.0,0.0
502,2021-08-25,1437485,770380,2941026,3851984.0,6432649.0,600342.0,954040,2604074,0.0,324420,20500,1709152,2004590.0,342786.0,1002323.0,123007.0,1544109.0,1004230.0,65069.0,825330.0,212260.0,792109.0,725605.0,111598.0,54057.0,7560.0,173357.0,585689.0,347755.0,52409.0,82384.0,29669.0,74232.0,0.0,0.0,0.0,0.0,29477.0,10659.0,655732.0,0.0,10318.0,0.0,0.0,0.0,0.0,0.0,0.0,0.0,0.0,0.0,0.0
503,2021-08-26,1437550,770395,2942250,3883429.0,6437680.0,600378.0,954048,2605647,0.0,324546,20515,1709173,2006191.0,342818.0,1003210.0,123078.0,1544817.0,1004282.0,65071.0,825347.0,212458.0,792114.0,725636.0,111975.0,54851.0,7560.0,173434.0,586378.0,347763.0,52525.0,82498.0,29718.0,74586.0,0.0,0.0,0.0,0.0,29524.0,10660.0,656098.0,0.0,10327.0,0.0,0.0,0.0,0.0,0.0,0.0,0.0,0.0,0.0,0.0
504,2021-08-27,1437656,770432,2944764,3946307.0,6447442.0,600463.0,954068,2608748,0.0,324813,20530,1709208,2009245.0,342875.0,1004875.0,123231.0,1546237.0,1004360.0,65084.0,825376.0,212913.0,792136.0,725672.0,112666.0,56642.0,7560.0,173606.0,587439.0,347815.0,52760.0,82674.0,29841.0,75079.0,0.0,0.0,0.0,0.0,29639.0,10663.0,656794.0,0.0,10334.0,0.0,0.0,0.0,0.0,0.0,0.0,0.0,0.0,0.0,0.0
505,2021-08-28,1437656,770432,2944764,3946307.0,6447442.0,600463.0,954068,2608748,0.0,324813,20530,1709208,2009245.0,342875.0,1004875.0,123231.0,1546237.0,1004360.0,65084.0,825376.0,212913.0,792136.0,725672.0,112666.0,56642.0,7560.0,173606.0,587439.0,347815.0,52760.0,82674.0,29841.0,75079.0,0.0,0.0,0.0,0.0,29639.0,10663.0,656794.0,0.0,10334.0,0.0,0.0,0.0,0.0,0.0,0.0,0.0,0.0,0.0,0.0
506,2021-08-29,1437716,770456,2947255,4007408.0,6456939.0,600551.0,954086,2611837,0.0,325148,20551,1709248,2012123.0,342910.0,1006503.0,123394.0,1547548.0,1004398.0,65093.0,825398.0,213245.0,792155.0,725694.0,113328.0,57962.0,7564.0,173791.0,588318.0,347842.0,52870.0,82849.0,29972.0,75601.0,0.0,0.0,0.0,0.0,29809.0,10663.0,657376.0,0.0,10338.0,0.0,0.0,0.0,0.0,0.0,0.0,0.0,0.0,0.0,0.0
507,2021-08-30,1437716,770456,2947255,4007408.0,6456939.0,600551.0,954086,2611837,0.0,325148,20551,1709248,2012123.0,342910.0,1006503.0,123394.0,1547548.0,1004398.0,65093.0,825398.0,213245.0,792155.0,725694.0,113328.0,57962.0,7564.0,173791.0,588318.0,347842.0,52870.0,82849.0,29972.0,75601.0,0.0,0.0,0.0,0.0,29809.0,10663.0,657376.0,0.0,10338.0,0.0,0.0,0.0,0.0,0.0,0.0,0.0,0.0,0.0,0.0
508,2021-08-31,1437764,770486,2949445,4057233.0,6464876.0,600614.0,954095,2614872,0.0,325419,20560,1709335,2014116.0,342976.0,1007750.0,123572.0,1548604.0,1004451.0,65105.0,825422.0,213548.0,792175.0,725708.0,113933.0,59119.0,7566.0,173955.0,589426.0,347867.0,53031.0,82961.0,30083.0,75836.0,0.0,0.0,0.0,0.0,29878.0,10663.0,658054.0,0.0,10347.0,0.0,0.0,0.0,0.0,0.0,0.0,0.0,0.0,0.0,0.0
509,2021-09-01,1437764,770486,2949445,4057233.0,6464876.0,600614.0,954095,2614872,0.0,325419,20560,1709335,2014116.0,342976.0,1007750.0,123572.0,1548604.0,1004451.0,65105.0,825422.0,213548.0,792175.0,725708.0,113933.0,59119.0,7566.0,173955.0,589426.0,347867.0,53031.0,82961.0,30083.0,75836.0,0.0,0.0,0.0,0.0,29878.0,10663.0,658054.0,0.0,10347.0,0.0,0.0,0.0,0.0,0.0,0.0,0.0,0.0,0.0,0.0
510,2021-09-02,1437800,770506,2950604,4090036.0,6469332.0,600651.0,954100,2616381,0.0,325529,20567,1709351,2015302.0,343001.0,1008469.0,123710.0,1549283.0,1004482.0,65108.0,825435.0,213799.0,792186.0,725718.0,114203.0,61111.0,7566.0,174050.0,589999.0,347894.0,53102.0,83065.0,30157.0,76100.0,0.0,0.0,0.0,0.0,29954.0,10663.0,658376.0,0.0,10347.0,0.0,0.0,0.0,0.0,0.0,0.0,0.0,0.0,0.0,0.0
511,2021-09-03,1437874,770534,2953064,4151455.0,6477987.0,600745.0,954116,2619511,0.0,325714,20576,1709401,2018200.0,343070.0,1010072.0,123929.0,1550664.0,1004565.0,65114.0,825461.0,214193.0,792215.0,725734.0,114774.0,62817.0,7570.0,174250.0,591117.0,347933.0,53217.0,83197.0,30244.0,76504.0,0.0,0.0,0.0,0.0,30070.0,10665.0,659007.0,0.0,10348.0,0.0,0.0,0.0,0.0,0.0,0.0,0.0,0.0,0.0,0.0
512,2021-09-04,1437874,770534,2953064,4151455.0,6477987.0,600745.0,954116,2619511,0.0,325714,20576,1709401,2018200.0,343070.0,1010072.0,123929.0,1550664.0,1004565.0,65114.0,825461.0,214193.0,792215.0,725734.0,114774.0,62817.0,7570.0,174250.0,591117.0,347933.0,53217.0,83197.0,30244.0,76504.0,0.0,0.0,0.0,0.0,30070.0,10665.0,659007.0,0.0,10348.0,0.0,0.0,0.0,0.0,0.0,0.0,0.0,0.0,0.0,0.0
513,2021-09-05,1437959,770557,2955164,4207838.0,6486174.0,600813.0,954129,2622678,0.0,325940,20583,1709445,2021325.0,343100.0,1011558.0,124152.0,1552071.0,1004635.0,65121.0,825490.0,214504.0,792259.0,725753.0,115399.0,64228.0,7572.0,174419.0,591980.0,347957.0,53338.0,83305.0,30356.0,77021.0,0.0,0.0,0.0,0.0,30242.0,10665.0,659543.0,0.0,10348.0,0.0,0.0,0.0,0.0,0.0,0.0,0.0,0.0,0.0,0.0
514,2021-09-06,1437991,770573,2956137,4227526.0,6489800.0,600849.0,954137,2624234,0.0,326033,20588,1709457,2022064.0,343125.0,1012167.0,124184.0,1552576.0,1004668.0,65122.0,825509.0,214732.0,792270.0,725759.0,115584.0,65696.0,7572.0,174486.0,592616.0,347975.0,53408.0,83360.0,30388.0,77144.0,0.0,0.0,0.0,0.0,30256.0,10665.0,659844.0,0.0,10348.0,0.0,0.0,0.0,0.0,0.0,0.0,0.0,0.0,0.0,0.0
515,2021-09-07,1437991,770573,2956137,4227526.0,6489800.0,600849.0,954137,2624234,0.0,326033,20588,1709457,2022064.0,343125.0,1012167.0,124184.0,1552576.0,1004668.0,65122.0,825509.0,214732.0,792270.0,725759.0,115584.0,65696.0,7572.0,174486.0,592616.0,347975.0,53408.0,83360.0,30388.0,77144.0,0.0,0.0,0.0,0.0,30256.0,10665.0,659844.0,0.0,10348.0,0.0,0.0,0.0,0.0,0.0,0.0,0.0,0.0,0.0,0.0
516,2021-09-08,1438041,770584,2956988,4253298.0,6493698.0,600877.0,954149,2625778,0.0,326159,20593,1709479,2023242.0,343139.0,1012805.0,124311.0,1553177.0,1004724.0,65124.0,825527.0,214911.0,792281.0,725765.0,115866.0,66910.0,7573.0,174560.0,593087.0,347989.0,53474.0,83414.0,30435.0,77275.0,0.0,0.0,0.0,0.0,30330.0,10665.0,660142.0,0.0,10348.0,0.0,0.0,0.0,0.0,0.0,0.0,0.0,0.0,0.0,0.0
517,2021-09-09,1438082,770601,2958090,4283494.0,6497872.0,600914.0,954161,2627365,0.0,326310,20593,1709494,2024603.0,343151.0,1013567.0,124436.0,1553928.0,1004772.0,65138.0,825544.0,215074.0,792297.0,725784.0,116134.0,67971.0,7576.0,174646.0,593514.0,348012.0,53551.0,83478.0,30485.0,77471.0,0.0,0.0,0.0,0.0,30384.0,10669.0,660471.0,0.0,10349.0,0.0,0.0,0.0,0.0,0.0,0.0,0.0,0.0,0.0,0.0
518,2021-09-10,1438154,770626,2960131,4334704.0,0.0,600970.0,954175,2630592,0.0,326653,20600,1709512,2027650.0,343187.0,1015083.0,124629.0,1555405.0,1004820.0,65145.0,825584.0,215437.0,792311.0,725806.0,116607.0,69751.0,7579.0,174770.0,594347.0,348055.0,53663.0,83553.0,30555.0,77877.0,0.0,0.0,0.0,0.0,30501.0,10670.0,661006.0,0.0,10350.0,6497872.0,0.0,0.0,0.0,0.0,0.0,0.0,0.0,0.0,0.0
519,2021-09-11,1438154,770626,2960131,4334704.0,0.0,600970.0,954175,2630592,0.0,326653,20600,1709512,2027650.0,343187.0,1015083.0,124629.0,1555405.0,1004820.0,65145.0,825584.0,215437.0,792311.0,725806.0,116607.0,69751.0,7579.0,174770.0,594347.0,348055.0,53663.0,83553.0,30555.0,77877.0,0.0,0.0,0.0,0.0,30501.0,10670.0,661006.0,0.0,10350.0,6497872.0,0.0,0.0,0.0,0.0,0.0,0.0,0.0,0.0,0.0
520,2021-09-12,1438211,770640,2960932,4355191.0,0.0,601009.0,954184,2632231,0.0,326799,20601,1709526,2028795.0,343211.0,1015713.0,124675.0,1556157.0,1004844.0,65149.0,825600.0,215604.0,792327.0,725820.0,116899.0,70840.0,7580.0,174799.0,594846.0,348062.0,53710.0,83597.0,30594.0,78015.0,0.0,0.0,0.0,0.0,30565.0,10670.0,661302.0,0.0,10351.0,6497872.0,0.0,0.0,0.0,0.0,0.0,0.0,0.0,0.0,0.0
521,2021-09-13,1438233,770645,2961735,4375431.0,0.0,601040.0,954190,2633839,0.0,326904,20604,1709547,2029985.0,343223.0,1016362.0,124775.0,1556908.0,1004864.0,65154.0,825617.0,215691.0,792341.0,725827.0,117094.0,71381.0,7582.0,174837.0,595105.0,348073.0,53732.0,83620.0,30630.0,78133.0,0.0,0.0,0.0,0.0,30624.0,10670.0,661551.0,0.0,10351.0,6497877.0,0.0,0.0,0.0,0.0,0.0,0.0,0.0,0.0,0.0
522,2021-09-14,1438288,770676,2962967,4406365.0,6504147.0,601109.0,954209,2637010,0.0,327140,20616,1709587,2031974.0,343261.0,1017261.0,124939.0,1558117.0,1004937.0,65162.0,825640.0,216088.0,792360.0,725845.0,117461.0,74068.0,7592.0,175000.0,596162.0,348086.0,53872.0,83715.0,30694.0,78486.0,0.0,0.0,0.0,0.0,30696.0,10670.0,662202.0,0.0,10353.0,0.0,0.0,0.0,0.0,0.0,0.0,0.0,0.0,0.0,0.0
523,2021-09-15,1438288,770676,2962967,4406365.0,6504147.0,601109.0,954209,2637010,0.0,327140,20616,1709587,2031974.0,343261.0,1017261.0,124939.0,1558117.0,1004937.0,65162.0,825640.0,216088.0,792360.0,725845.0,117461.0,74068.0,7592.0,175000.0,596162.0,348086.0,53872.0,83715.0,30694.0,78486.0,0.0,0.0,0.0,0.0,30696.0,10670.0,662202.0,0.0,10353.0,0.0,0.0,0.0,0.0,0.0,0.0,0.0,0.0,0.0,0.0
524,2021-09-16,1438345,770688,2964083,4424046.0,6507930.0,601150.0,954226,2638668,0.0,327296,20625,1709605,2033419.0,343310.0,1017718.0,125063.0,1558860.0,1004957.0,65164.0,825655.0,216303.0,792367.0,725852.0,117697.0,75470.0,7592.0,0.0,596606.0,348096.0,53943.0,83756.0,30731.0,78729.0,0.0,0.0,0.0,0.0,30738.0,10670.0,662526.0,0.0,10353.0,0.0,0.0,0.0,0.0,0.0,175088.0,0.0,0.0,0.0,0.0
525,2021-09-17,1438373,770697,2965191,4446228.0,6511525.0,601180.0,954230,2640361,0.0,327466,20631,1709628,2034786.0,343330.0,1018298.0,125170.0,1559567.0,1004988.0,65168.0,825677.0,216430.0,792374.0,725864.0,117913.0,76591.0,7595.0,175183.0,597074.0,348102.0,53990.0,83787.0,30763.0,78958.0,0.0,0.0,0.0,0.0,30802.0,10670.0,662785.0,0.0,10353.0,0.0,0.0,0.0,0.0,0.0,0.0,0.0,0.0,0.0,0.0
526,2021-09-18,1438469,770711,2967083,4488813.0,6518502.0,601236.0,954246,2643683,0.0,327773,20702,1709652,2037353.0,343376.0,1019621.0,125384.0,1561014.0,1005042.0,65176.0,825715.0,216813.0,792386.0,725881.0,118261.0,79171.0,7598.0,175414.0,597709.0,348114.0,54060.0,83840.0,30840.0,79325.0,0.0,0.0,0.0,0.0,30893.0,10670.0,663281.0,0.0,10356.0,0.0,0.0,0.0,0.0,0.0,0.0,0.0,0.0,0.0,0.0
527,2021-09-19,1438497,770733,2967866,4508466.0,6521915.0,601264.0,954254,2645380,0.0,327941,20730,1709669,2038690.0,343382.0,1020244.0,125463.0,1561649.0,1005056.0,65181.0,825723.0,216906.0,792394.0,725894.0,118495.0,79729.0,7600.0,175498.0,597968.0,348116.0,54070.0,83854.0,30864.0,79493.0,0.0,0.0,0.0,0.0,30955.0,10670.0,663454.0,0.0,10356.0,0.0,0.0,0.0,0.0,0.0,0.0,0.0,0.0,0.0,0.0
528,2021-09-20,1438517,770746,2968543,4524158.0,6524498.0,601323.0,954263,2647041,0.0,328069,20737,1709680,2039529.0,343393.0,1020754.0,125517.0,1562173.0,1005094.0,65188.0,825737.0,217140.0,792402.0,725901.0,118673.0,81460.0,7600.0,175583.0,598423.0,348125.0,54126.0,83905.0,30907.0,79667.0,0.0,0.0,0.0,0.0,30971.0,10670.0,663662.0,0.0,10359.0,0.0,0.0,0.0,0.0,0.0,0.0,0.0,0.0,0.0,0.0
529,2021-09-21,1438556,770754,2969361,4539926.0,6527629.0,601359.0,954275,2648688,0.0,328214,20743,1709693,2040708.0,343405.0,1021216.0,125618.0,1562710.0,1005120.0,65195.0,825751.0,217403.0,792410.0,725907.0,118870.0,82815.0,7607.0,175690.0,598864.0,348139.0,54190.0,83956.0,30959.0,79817.0,0.0,0.0,0.0,0.0,31014.0,10670.0,663906.0,0.0,10360.0,0.0,0.0,0.0,0.0,0.0,0.0,0.0,0.0,0.0,0.0
530,2021-09-22,1438556,770754,2969361,4539926.0,6527629.0,601359.0,954275,2648688,0.0,328214,20743,1709693,2040708.0,343405.0,1021216.0,125618.0,1562710.0,1005120.0,65195.0,825751.0,217403.0,792410.0,725907.0,118870.0,82815.0,7607.0,175690.0,598864.0,348139.0,54190.0,83956.0,30959.0,79817.0,0.0,0.0,0.0,0.0,31014.0,10670.0,663906.0,0.0,10360.0,0.0,0.0,0.0,0.0,0.0,0.0,0.0,0.0,0.0,0.0
531,2021-09-23,1438634,770784,2971044,4579283.0,6534557.0,601422.0,954285,2652115,0.0,328590,20771,1709719,2043244.0,343445.0,1022594.0,125826.0,1564139.0,1005176.0,65202.0,825797.0,217776.0,792435.0,725922.0,119235.0,85366.0,7616.0,175872.0,599642.0,348162.0,54285.0,84014.0,31027.0,80246.0,0.0,0.0,0.0,0.0,31136.0,10670.0,664411.0,0.0,10361.0,0.0,0.0,0.0,0.0,0.0,0.0,0.0,0.0,0.0,0.0
532,2021-09-24,1438634,770784,2971044,4579283.0,6534557.0,601422.0,954285,2652115,0.0,328590,20771,1709719,2043244.0,343445.0,1022594.0,125826.0,1564139.0,1005176.0,65202.0,825797.0,217776.0,792435.0,725922.0,119235.0,85366.0,7616.0,175872.0,599642.0,348162.0,54285.0,84014.0,31027.0,80246.0,0.0,0.0,0.0,0.0,31136.0,10670.0,664411.0,0.0,10361.0,0.0,0.0,0.0,0.0,0.0,0.0,0.0,0.0,0.0,0.0
533,2021-09-25,1438658,770796,2971833,4597266.0,6537843.0,601444.0,954290,2653848,0.0,328738,20776,1709747,2044490.0,343459.0,1023133.0,125920.0,1564883.0,1005202.0,65205.0,825814.0,218000.0,792471.0,725932.0,119445.0,86688.0,7617.0,175956.0,600048.0,348174.0,54316.0,84033.0,31085.0,80430.0,0.0,0.0,0.0,0.0,31198.0,10670.0,664650.0,0.0,10361.0,0.0,0.0,0.0,0.0,0.0,0.0,0.0,0.0,0.0,0.0
534,2021-09-26,1438685,770805,2972620,4613937.0,6541119.0,601468.0,954297,2655572,0.0,328881,20778,1709761,2045657.0,343474.0,1023735.0,126012.0,1565645.0,1005229.0,65209.0,825830.0,218202.0,792487.0,725937.0,119674.0,88166.0,7618.0,176021.0,600423.0,348189.0,54349.0,84053.0,31119.0,80638.0,0.0,0.0,0.0,0.0,31226.0,10670.0,664898.0,0.0,10361.0,0.0,0.0,0.0,0.0,0.0,0.0,0.0,0.0,0.0,0.0
535,2021-09-27,1438746,770825,2973899,4641587.0,6544325.0,601538.0,954316,2658923,0.0,329125,20786,1709778,2047459.0,343504.0,1024764.0,126127.0,1566865.0,1005269.0,65217.0,825872.0,218523.0,792504.0,725947.0,120000.0,90539.0,7619.0,176145.0,601031.0,348198.0,54395.0,84085.0,31167.0,80897.0,0.0,0.0,0.0,0.0,31291.0,10670.0,665284.0,0.0,10361.0,0.0,0.0,0.0,0.0,0.0,0.0,0.0,0.0,0.0,0.0
536,2021-09-28,1438746,770825,2973899,4641587.0,6544325.0,601538.0,954316,2658923,0.0,329125,20786,1709778,2047459.0,343504.0,1024764.0,126127.0,1566865.0,1005269.0,65217.0,825872.0,218523.0,792504.0,725947.0,120000.0,90539.0,7619.0,176145.0,601031.0,348198.0,54395.0,84085.0,31167.0,80897.0,0.0,0.0,0.0,0.0,31291.0,10670.0,665284.0,0.0,10361.0,0.0,0.0,0.0,0.0,0.0,0.0,0.0,0.0,0.0,0.0
537,2021-09-29,1438821,770863,2975067,4664944.0,6547793.0,601600.0,954322,2662177,0.0,329320,20795,1709800,2049314.0,343530.0,1025874.0,126308.0,1568321.0,1005325.0,65224.0,825916.0,218898.0,792519.0,725952.0,120426.0,93660.0,7620.0,176318.0,601787.0,348215.0,54572.0,84127.0,31219.0,81161.0,0.0,0.0,0.0,0.0,31412.0,10670.0,665749.0,0.0,10361.0,0.0,0.0,0.0,0.0,0.0,0.0,0.0,0.0,0.0,0.0
538,2021-09-30,1438821,770863,2975067,4664944.0,6547793.0,601600.0,954322,2662177,0.0,329320,20795,1709800,2049314.0,343530.0,1025874.0,126308.0,1568321.0,1005325.0,65224.0,825916.0,218898.0,792519.0,725952.0,120426.0,93660.0,7620.0,176318.0,601787.0,348215.0,54572.0,84127.0,31219.0,81161.0,0.0,0.0,0.0,0.0,31412.0,10670.0,665749.0,0.0,10361.0,0.0,0.0,0.0,0.0,0.0,0.0,0.0,0.0,0.0,0.0
539,2021-10-01,1438900,770890,2976589,4694692.0,6553961.0,601662.0,954331,2665386,0.0,329563,20809,1709835,2051133.0,343550.0,1026953.0,126431.0,1569778.0,1005379.0,65232.0,825952.0,219244.0,792542.0,725961.0,120743.0,96456.0,7621.0,176515.0,602466.0,348238.0,54680.0,84163.0,31265.0,81445.0,0.0,0.0,0.0,0.0,31482.0,10670.0,666183.0,0.0,10361.0,0.0,0.0,0.0,0.0,0.0,0.0,0.0,0.0,0.0,0.0
540,2021-10-02,1438900,770890,2976589,4694692.0,6553961.0,601662.0,954331,2665386,0.0,329563,20809,1709835,2051133.0,343550.0,1026953.0,126431.0,1569778.0,1005379.0,65232.0,825952.0,219244.0,792542.0,725961.0,120743.0,96456.0,7621.0,176515.0,602466.0,348238.0,54680.0,84163.0,31265.0,81445.0,0.0,0.0,0.0,0.0,31482.0,10670.0,666183.0,0.0,10361.0,0.0,0.0,0.0,0.0,0.0,0.0,0.0,0.0,0.0,0.0
541,2021-10-03,1438966,770915,2977889,4720206.0,6559349.0,601722.0,954338,2668495,0.0,329789,20822,1709857,2052763.0,343567.0,1027959.0,126545.0,1571240.0,1005402.0,65237.0,826002.0,219400.0,792556.0,725968.0,121046.0,98175.0,7623.0,176638.0,602905.0,348264.0,54725.0,84178.0,31312.0,81747.0,0.0,0.0,0.0,0.0,31525.0,10670.0,666546.0,0.0,10361.0,0.0,0.0,0.0,0.0,0.0,0.0,0.0,0.0,0.0,0.0
542,2021-10-04,1439000,770924,2978286,4729056.0,6562514.0,601739.0,954342,2669962,0.0,329889,20825,1709873,2053192.0,343584.0,1028366.0,126587.0,1571841.0,1005412.0,65243.0,826016.0,219591.0,792570.0,725971.0,121146.0,99856.0,7624.0,176681.0,603238.0,348272.0,54752.0,84192.0,31322.0,81859.0,0.0,0.0,0.0,0.0,31537.0,10672.0,666753.0,0.0,10361.0,0.0,0.0,0.0,0.0,0.0,0.0,0.0,0.0,0.0,0.0
543,2021-10-05,1439027,770938,2978808,4738791.0,6564915.0,601752.0,954343,2671411,0.0,329991,20830,1709893,2053863.0,343596.0,1028819.0,126669.0,1572460.0,1005425.0,65247.0,826039.0,219746.0,792580.0,725973.0,121303.0,101327.0,7626.0,176767.0,603623.0,348280.0,54771.0,84204.0,31342.0,81955.0,0.0,0.0,0.0,0.0,31561.0,10672.0,666971.0,0.0,10363.0,0.0,0.0,0.0,0.0,0.0,0.0,0.0,0.0,0.0,0.0
544,2021-10-06,1439053,770949,2979331,4751407.0,6567791.0,601782.0,954347,2672843,0.0,330118,20831,1709902,2054663.0,343618.0,1029412.0,126742.0,1573246.0,1005440.0,65252.0,826060.0,219919.0,792596.0,725975.0,121462.0,102629.0,7627.0,176864.0,603923.0,348287.0,54812.0,84211.0,31373.0,82068.0,0.0,0.0,0.0,0.0,31585.0,10672.0,667158.0,0.0,10364.0,0.0,0.0,0.0,0.0,0.0,0.0,0.0,0.0,0.0,0.0
545,2021-10-07,1439053,770949,2979331,4751407.0,6567791.0,601782.0,954347,2672843,0.0,330118,20831,1709902,2054663.0,343618.0,1029412.0,126742.0,1573246.0,1005440.0,65252.0,826060.0,219919.0,792596.0,725975.0,121462.0,102629.0,7627.0,176864.0,603923.0,348287.0,54812.0,84211.0,31373.0,82068.0,0.0,0.0,0.0,0.0,31585.0,10672.0,667158.0,0.0,10364.0,0.0,0.0,0.0,0.0,0.0,0.0,0.0,0.0,0.0,0.0
546,2021-10-08,1439136,770975,2980170,4774639.0,6573092.0,601821.0,954354,2675592,0.0,330352,20848,1709928,2055999.0,343645.0,1030518.0,126893.0,1574801.0,1005485.0,65273.0,826099.0,220254.0,792606.0,725983.0,121706.0,104659.0,7629.0,176980.0,604536.0,348334.0,54865.0,84237.0,31410.0,82283.0,0.0,0.0,0.0,0.0,31636.0,10672.0,667535.0,0.0,10364.0,0.0,0.0,0.0,0.0,0.0,0.0,0.0,0.0,0.0,0.0
547,2021-10-09,1439136,770975,2980170,4774639.0,6573092.0,601821.0,954354,2675592,0.0,330352,20848,1709928,2055999.0,343645.0,1030518.0,126893.0,1574801.0,1005485.0,65273.0,826099.0,220254.0,792606.0,725983.0,121706.0,104659.0,7629.0,176980.0,604536.0,348334.0,54865.0,84237.0,31410.0,82283.0,0.0,0.0,0.0,0.0,31636.0,10672.0,667535.0,0.0,10364.0,0.0,0.0,0.0,0.0,0.0,0.0,0.0,0.0,0.0,0.0
548,2021-10-10,1439166,770984,2980621,4784109.0,6575578.0,601849.0,954355,2676936,0.0,330434,20849,1709938,2056628.0,343662.0,1031044.0,126977.0,1575577.0,1005511.0,65277.0,826123.0,220392.0,792614.0,725987.0,121853.0,105829.0,7632.0,177040.0,604809.0,348343.0,54881.0,84256.0,31441.0,82364.0,0.0,0.0,0.0,0.0,31654.0,10672.0,667725.0,0.0,10365.0,0.0,0.0,0.0,0.0,0.0,0.0,0.0,0.0,0.0,0.0
549,2021-10-11,1439218,771000,2981400,4801796.0,6579608.0,601894.0,954366,2679568,0.0,330586,20853,1709965,2057562.0,343675.0,1032144.0,127095.0,1576943.0,1005554.0,65280.0,826162.0,220618.0,792635.0,725998.0,122108.0,107566.0,7634.0,177148.0,605239.0,348365.0,54924.0,84270.0,31473.0,82487.0,0.0,0.0,0.0,0.0,31677.0,10674.0,668070.0,0.0,10365.0,0.0,0.0,0.0,0.0,0.0,0.0,0.0,0.0,0.0,0.0
550,2021-10-12,1439218,771000,2981400,4801796.0,6579608.0,601894.0,954366,2679568,0.0,330586,20853,1709965,2057562.0,343675.0,1032144.0,127095.0,1576943.0,1005554.0,65280.0,826162.0,220618.0,792635.0,725998.0,122108.0,107566.0,7634.0,177148.0,605239.0,348365.0,54924.0,84270.0,31473.0,82487.0,0.0,0.0,0.0,0.0,31677.0,10674.0,668070.0,0.0,10365.0,0.0,0.0,0.0,0.0,0.0,0.0,0.0,0.0,0.0,0.0
551,2021-10-13,1439283,771019,2982089,4820698.0,6583896.0,601938.0,954374,2682137,0.0,330741,20861,1709996,2058582.0,343701.0,1033288.0,127210.0,1578482.0,1005598.0,65285.0,826210.0,220931.0,792657.0,726008.0,122363.0,109818.0,7637.0,177288.0,605640.0,348395.0,54954.0,84291.0,31507.0,82647.0,0.0,0.0,0.0,0.0,31716.0,10675.0,668450.0,0.0,10365.0,0.0,0.0,0.0,0.0,0.0,0.0,0.0,0.0,0.0,0.0
552,2021-10-14,1439283,771019,2982089,4820698.0,6583896.0,601938.0,954374,2682137,0.0,330741,20861,1709996,2058582.0,343701.0,1033288.0,127210.0,1578482.0,1005598.0,65285.0,826210.0,220931.0,792657.0,726008.0,122363.0,109818.0,7637.0,177288.0,605640.0,348395.0,54954.0,84291.0,31507.0,82647.0,0.0,0.0,0.0,0.0,31716.0,10675.0,668450.0,0.0,10365.0,0.0,0.0,0.0,0.0,0.0,0.0,0.0,0.0,0.0,0.0
553,2021-11-12,1440332,771403,2991369,0.0,6622345.0,602733.0,954492,2713216,0.0,333825,21135,1710252,2069614.0,343998.0,1044962.0,128369.0,1602446.0,1006290.0,65378.0,826887.0,225589.0,792945.0,726149.0,124383.0,128217.0,7670.0,178445.0,613563.0,348977.0,55212.0,84655.0,31973.0,84006.0,0.0,0.0,0.0,0.0,32091.0,10682.0,673312.0,0.0,10365.0,0.0,0.0,0.0,0.0,0.0,0.0,5048756.0,0.0,0.0,0.0
554,2021-11-13,1440388,771420,2991614,0.0,6623344.0,602778.0,954503,2714025,0.0,334006,21148,1710261,2069770.0,344014.0,1045209.0,128401.0,1603318.0,1006326.0,65380.0,826924.0,225712.0,792956.0,726153.0,124432.0,128604.0,7670.0,178467.0,613784.0,348992.0,55216.0,84665.0,31978.0,84013.0,0.0,0.0,0.0,0.0,32096.0,10682.0,673469.0,0.0,10365.0,0.0,0.0,0.0,0.0,0.0,0.0,5055224.0,0.0,0.0,0.0
555,2021-11-14,1440424,771434,2991850,0.0,6624300.0,602795.0,954519,2714830,0.0,334180,21176,1710273,2069978.0,344043.0,1045471.0,128444.0,1604193.0,1006358.0,65384.0,826950.0,225768.0,792969.0,726156.0,124482.0,128775.0,7674.0,178485.0,613913.0,349006.0,55220.0,84671.0,31997.0,84024.0,0.0,0.0,0.0,0.0,32101.0,10682.0,673574.0,0.0,10365.0,0.0,0.0,0.0,0.0,0.0,0.0,5061072.0,0.0,0.0,0.0
556,2021-11-15,1440424,771434,2991850,0.0,6624300.0,602795.0,954519,2714830,0.0,334180,21176,1710273,2069978.0,344043.0,1045471.0,128444.0,1604193.0,1006358.0,65384.0,826950.0,225768.0,792969.0,726156.0,124482.0,128775.0,7674.0,178485.0,613913.0,349006.0,55220.0,84671.0,31997.0,84024.0,0.0,0.0,0.0,0.0,32101.0,10682.0,673574.0,0.0,10365.0,0.0,0.0,0.0,0.0,0.0,0.0,5061072.0,0.0,0.0,0.0
557,2021-11-16,1440484,771463,2992276,0.0,6625872.0,602833.0,954539,2716421,0.0,334432,21229,1710288,2070286.0,344058.0,1045862.0,128495.0,1605794.0,1006406.0,65390.0,827014.0,226022.0,792981.0,726161.0,124588.0,129845.0,7674.0,178533.0,614413.0,349041.0,55230.0,84691.0,32018.0,84080.0,0.0,0.0,0.0,0.0,32108.0,10682.0,673889.0,0.0,10365.0,0.0,0.0,0.0,0.0,0.0,0.0,5071135.0,0.0,0.0,0.0
558,2021-11-17,1440484,771463,2992276,0.0,6625872.0,602833.0,954539,2716421,0.0,334432,21229,1710288,2070286.0,344058.0,1045862.0,128495.0,1605794.0,1006406.0,65390.0,827014.0,226022.0,792981.0,726161.0,124588.0,129845.0,7674.0,178533.0,614413.0,349041.0,55230.0,84691.0,32018.0,84080.0,0.0,0.0,0.0,0.0,32108.0,10682.0,673889.0,0.0,10365.0,0.0,0.0,0.0,0.0,0.0,0.0,5071135.0,0.0,0.0,0.0
559,2021-11-18,1440528,771481,2992584,0.0,6626875.0,602870.0,954550,2717203,0.0,334600,21252,1710294,2070516.0,344062.0,1046088.0,128520.0,1606656.0,1006433.0,65391.0,827068.0,226118.0,792986.0,726162.0,124639.0,130415.0,7674.0,178569.0,614663.0,349066.0,55232.0,84692.0,32024.0,84117.0,0.0,0.0,0.0,0.0,32120.0,10682.0,674037.0,0.0,10366.0,0.0,0.0,0.0,0.0,0.0,0.0,5077984.0,0.0,0.0,0.0
560,2021-11-19,1440605,771517,2993139,0.0,6628744.0,602943.0,954577,2718750,0.0,335016,21298,1710317,2070906.0,344084.0,1046559.0,128588.0,1608393.0,1006494.0,65398.0,827148.0,226264.0,792999.0,726182.0,124757.0,131248.0,7676.0,178614.0,615053.0,349111.0,55243.0,84708.0,32040.0,84188.0,0.0,0.0,0.0,0.0,32147.0,10682.0,674318.0,0.0,10370.0,0.0,0.0,0.0,0.0,0.0,0.0,5089849.0,0.0,0.0,0.0
561,2021-11-20,1440637,771528,2993352,0.0,6629577.0,602956.0,954588,2719515,0.0,335203,21311,1710322,2071070.0,344095.0,1046798.0,128631.0,1609118.0,1006518.0,65400.0,827184.0,226344.0,793010.0,726185.0,124835.0,131685.0,7676.0,178645.0,615291.0,349124.0,55246.0,84720.0,32040.0,84220.0,0.0,0.0,0.0,0.0,32161.0,10682.0,674452.0,0.0,10370.0,0.0,0.0,0.0,0.0,0.0,0.0,5095924.0,0.0,0.0,0.0
562,2021-11-21,1440666,771544,2993599,0.0,6629875.0,602980.0,954606,2720271,0.0,335368,21327,1710332,2071244.0,344106.0,1047003.0,128663.0,1609845.0,1006542.0,65406.0,827206.0,226395.0,793027.0,726188.0,124918.0,131897.0,7676.0,178661.0,615382.0,349135.0,55247.0,84721.0,32050.0,84241.0,0.0,0.0,0.0,0.0,32169.0,10682.0,674555.0,0.0,10370.0,0.0,0.0,0.0,0.0,0.0,0.0,5101004.0,0.0,0.0,0.0
563,2021-11-22,1440692,771565,2993777,0.0,6630531.0,603002.0,954628,2721021,0.0,335528,21349,1710344,2071371.0,344115.0,1047174.0,128680.0,1610460.0,1006577.0,65410.0,827231.0,226505.0,793040.0,726191.0,124957.0,132320.0,7676.0,178677.0,615574.0,349149.0,55251.0,84730.0,32060.0,84269.0,0.0,0.0,0.0,0.0,32171.0,10682.0,674692.0,0.0,10379.0,0.0,0.0,0.0,0.0,0.0,0.0,5104702.0,0.0,0.0,0.0
564,2021-11-23,1440719,771582,2994001,0.0,6631297.0,603043.0,954651,2721762,0.0,335707,21369,1710346,2071567.0,344123.0,1047386.0,128718.0,1611180.0,1006616.0,65415.0,827267.0,226589.0,793052.0,726196.0,125007.0,132720.0,7676.0,178709.0,615781.0,349161.0,55255.0,84748.0,32068.0,84293.0,0.0,0.0,0.0,0.0,32176.0,10683.0,674845.0,0.0,10381.0,0.0,0.0,0.0,0.0,0.0,0.0,5109674.0,0.0,0.0,0.0
565,2021-11-24,1440754,771605,2994255,0.0,6632257.0,603095.0,954665,2722506,0.0,335881,21397,1710356,2071831.0,344148.0,1047674.0,128745.0,1611983.0,1006635.0,65421.0,827296.0,226705.0,793074.0,726198.0,125046.0,133118.0,7676.0,178731.0,615995.0,349177.0,55257.0,84759.0,32078.0,84364.0,0.0,0.0,0.0,0.0,32179.0,10683.0,675001.0,0.0,10383.0,0.0,0.0,0.0,0.0,0.0,0.0,5113954.0,0.0,0.0,0.0
566,2021-11-25,1440784,771622,2994561,0.0,6633105.0,603132.0,954694,2723245,0.0,336063,21435,1710360,2072014.0,344156.0,1048009.0,128794.0,1612741.0,1006673.0,65430.0,827327.0,226757.0,793088.0,726204.0,125070.0,133562.0,7677.0,178765.0,616137.0,349184.0,55258.0,84761.0,32092.0,84378.0,0.0,0.0,0.0,0.0,32198.0,10683.0,675148.0,0.0,10383.0,0.0,0.0,0.0,0.0,0.0,0.0,5119941.0,0.0,0.0,0.0
567,2021-11-26,1440807,771643,2994963,0.0,0.0,603173.0,954715,2723991,0.0,336237,21467,1710368,2072198.0,344169.0,1048228.0,128825.0,1613451.0,1006706.0,65438.0,827354.0,226859.0,793097.0,726209.0,125098.0,133921.0,7678.0,178799.0,616312.0,349196.0,55260.0,84771.0,32096.0,84394.0,0.0,0.0,0.0,0.0,32207.0,10683.0,675319.0,0.0,10394.0,0.0,0.0,0.0,0.0,0.0,0.0,5124618.0,6633105.0,0.0,0.0
568,2021-11-27,1440807,771643,2994963,0.0,0.0,603173.0,954715,2723991,0.0,336237,21467,1710368,2072198.0,344169.0,1048228.0,128825.0,1613451.0,1006706.0,65438.0,827354.0,226859.0,793097.0,726209.0,125098.0,133921.0,7678.0,178799.0,616312.0,349196.0,55260.0,84771.0,32096.0,84394.0,0.0,0.0,0.0,0.0,32207.0,10683.0,675319.0,0.0,10394.0,0.0,0.0,0.0,0.0,0.0,0.0,5124618.0,6633105.0,0.0,0.0
569,2021-11-28,1440834,771654,2995285,0.0,6633612.0,603190.0,954741,2724731,0.0,336386,21494,1710373,2072446.0,344183.0,1048492.0,128860.0,1614152.0,1006733.0,65443.0,827382.0,226941.0,793120.0,726212.0,125117.0,134279.0,7680.0,178839.0,616435.0,349216.0,55269.0,84784.0,32100.0,84414.0,0.0,0.0,0.0,0.0,32211.0,10683.0,675479.0,0.0,10394.0,0.0,0.0,0.0,0.0,0.0,0.0,5129359.0,0.0,0.0,0.0
570,2021-11-29,1440900,771692,2995857,0.0,6634980.0,603258.0,954770,2726197,0.0,336681,21540,1710387,2072725.0,344227.0,1048880.0,128893.0,1615378.0,1006779.0,65456.0,827435.0,227093.0,793150.0,726219.0,125169.0,134810.0,7683.0,178890.0,616708.0,349232.0,55273.0,84791.0,32109.0,84461.0,0.0,0.0,0.0,0.0,32233.0,10683.0,675798.0,0.0,10394.0,0.0,0.0,0.0,0.0,0.0,0.0,5137091.0,0.0,0.0,0.0
571,2021-11-30,1440900,771692,2995857,0.0,6634980.0,603258.0,954770,2726197,0.0,336681,21540,1710387,2072725.0,344227.0,1048880.0,128893.0,1615378.0,1006779.0,65456.0,827435.0,227093.0,793150.0,726219.0,125169.0,134810.0,7683.0,178890.0,616708.0,349232.0,55273.0,84791.0,32109.0,84461.0,0.0,0.0,0.0,0.0,32233.0,10683.0,675798.0,0.0,10394.0,0.0,0.0,0.0,0.0,0.0,0.0,5137091.0,0.0,0.0,0.0
572,2021-12-01,1440934,771709,2996148,0.0,6635658.0,603279.0,954785,2726917,0.0,336852,21578,1710399,2072909.0,344255.0,1049108.0,128924.0,1616083.0,1006813.0,65465.0,827475.0,227195.0,793170.0,726223.0,125205.0,135175.0,7683.0,178928.0,616852.0,349244.0,55276.0,84805.0,32122.0,84480.0,0.0,0.0,0.0,0.0,32242.0,10683.0,675994.0,0.0,10394.0,0.0,0.0,0.0,0.0,0.0,0.0,5141814.0,0.0,0.0,0.0
573,2021-12-02,1441190,771760,2996833,0.0,6637221.0,603352.0,954827,2728350,0.0,337263,21642,1710417,2073252.0,344325.0,1049597.0,128998.0,1617408.0,1006870.0,65475.0,827570.0,227354.0,793199.0,726230.0,125269.0,135765.0,7686.0,179046.0,617163.0,349271.0,55285.0,84835.0,32128.0,84534.0,0.0,0.0,0.0,0.0,32267.0,10683.0,676376.0,0.0,10397.0,0.0,0.0,0.0,0.0,0.0,0.0,5151919.0,0.0,0.0,0.0
574,2021-12-03,1441244,771780,2997246,0.0,6637289.0,603410.0,954848,2729061,0.0,337444,21669,1710425,2073390.0,344335.0,1049867.0,129028.0,1618016.0,1006898.0,65478.0,827615.0,227405.0,793214.0,0.0,125297.0,136080.0,7688.0,179088.0,617306.0,349282.0,55286.0,84844.0,32130.0,84556.0,0.0,0.0,0.0,0.0,32343.0,10683.0,676574.0,0.0,10397.0,0.0,0.0,0.0,0.0,726230.0,0.0,5156914.0,0.0,0.0,0.0
575,2021-12-04,1441295,771797,2997643,0.0,6638071.0,603451.0,954874,2729792,0.0,337646,21683,1710451,2073576.0,344345.0,1050060.0,129056.0,1618637.0,1006942.0,65481.0,827659.0,227483.0,793232.0,0.0,125328.0,136362.0,7688.0,179125.0,617475.0,349317.0,55288.0,84853.0,32136.0,84574.0,0.0,0.0,0.0,0.0,32359.0,10683.0,676787.0,0.0,10404.0,0.0,0.0,0.0,0.0,726231.0,0.0,5161471.0,0.0,0.0,0.0
576,2021-12-05,1441295,771797,2997643,0.0,6638071.0,603451.0,954874,2729792,0.0,337646,21683,1710451,2073576.0,344345.0,1050060.0,129056.0,1618637.0,1006942.0,65481.0,827659.0,227483.0,793232.0,0.0,125328.0,136362.0,7688.0,179125.0,617475.0,349317.0,55288.0,84853.0,32136.0,84574.0,0.0,0.0,0.0,0.0,32359.0,10683.0,676787.0,0.0,10404.0,0.0,0.0,0.0,0.0,726231.0,0.0,5161471.0,0.0,0.0,0.0
577,2021-12-06,1441358,771819,2998099,0.0,6638778.0,603488.0,954891,2730516,0.0,337807,21714,1710475,2073730.0,344353.0,1050249.0,129085.0,1619257.0,1006967.0,65488.0,827707.0,227518.0,793241.0,726237.0,125360.0,136454.0,7688.0,179174.0,617576.0,349342.0,55293.0,84858.0,32136.0,84583.0,0.0,0.0,0.0,0.0,32369.0,10683.0,676943.0,0.0,10404.0,0.0,0.0,0.0,0.0,0.0,0.0,5165921.0,0.0,0.0,0.0
578,2021-12-07,1441398,771851,2998400,0.0,6639296.0,603509.0,954920,2731235,0.0,337915,21723,1710485,2073852.0,344364.0,1050354.0,129093.0,1619722.0,1007011.0,65500.0,827745.0,227630.0,793258.0,726244.0,125389.0,136784.0,7690.0,179209.0,617758.0,349352.0,55294.0,84866.0,32140.0,84599.0,0.0,0.0,0.0,0.0,32374.0,10683.0,677138.0,0.0,10404.0,0.0,0.0,0.0,0.0,0.0,0.0,5169198.0,0.0,0.0,0.0
579,2021-12-08,1441449,771875,2998699,0.0,6639995.0,603556.0,954944,2731945,0.0,338047,21735,1710492,2074036.0,344385.0,1050505.0,129105.0,1620229.0,1007038.0,65508.0,827806.0,227684.0,793274.0,726250.0,125406.0,137057.0,7690.0,179242.0,617908.0,349367.0,55295.0,84874.0,32142.0,84619.0,0.0,0.0,0.0,0.0,32382.0,10683.0,677341.0,0.0,10405.0,0.0,0.0,0.0,0.0,0.0,0.0,5173854.0,0.0,0.0,0.0
580,2021-12-09,1441569,771939,2999471,0.0,6641677.0,603638.0,955022,2733346,0.0,338390,21773,1710508,2074410.0,344411.0,1050955.0,129156.0,1621370.0,1007115.0,0.0,827943.0,227805.0,793307.0,726276.0,125454.0,137705.0,7694.0,0.0,618188.0,349392.0,55299.0,84898.0,32143.0,84643.0,0.0,0.0,0.0,0.0,32396.0,10684.0,677747.0,0.0,10405.0,0.0,0.0,0.0,0.0,0.0,0.0,5183061.0,0.0,65616.0,179338.0
581,2021-12-10,1441610,771966,2999785,0.0,6642372.0,603674.0,955046,2734034,0.0,338563,21792,1710517,2074552.0,344421.0,1051241.0,129180.0,1621998.0,1007147.0,65618.0,828006.0,227859.0,793322.0,726288.0,125478.0,137952.0,7696.0,179375.0,618329.0,349402.0,55304.0,84904.0,32146.0,84664.0,0.0,0.0,0.0,0.0,32417.0,10686.0,677954.0,0.0,10405.0,0.0,0.0,0.0,0.0,0.0,0.0,5187033.0,0.0,0.0,0.0
582,2021-12-11,1441662,771989,3000105,0.0,6643179.0,603697.0,955064,2734715,0.0,338745,21804,1710538,2074708.0,344442.0,1051414.0,129202.0,1622608.0,1007187.0,65623.0,828077.0,227904.0,793337.0,726296.0,125496.0,138212.0,7697.0,179419.0,618441.0,349420.0,55305.0,84911.0,32151.0,84680.0,0.0,0.0,0.0,0.0,32421.0,10686.0,678142.0,0.0,10405.0,0.0,0.0,0.0,0.0,0.0,0.0,5190828.0,0.0,0.0,0.0
583,2021-12-12,1441662,771989,3000105,0.0,6643179.0,603697.0,955064,2734715,0.0,338745,21804,1710538,2074708.0,344442.0,1051414.0,129202.0,1622608.0,1007187.0,65623.0,828077.0,227904.0,793337.0,726296.0,125496.0,138212.0,7697.0,179419.0,618441.0,349420.0,55305.0,84911.0,32151.0,84680.0,0.0,0.0,0.0,0.0,32421.0,10686.0,678142.0,0.0,10405.0,0.0,0.0,0.0,0.0,0.0,0.0,5190828.0,0.0,0.0,0.0
584,2021-12-13,1441748,772032,3000671,0.0,6644452.0,603761.0,955103,2736046,0.0,338990,21839,1710572,2074976.0,344471.0,1051752.0,129224.0,1623609.0,1007244.0,65645.0,828191.0,228007.0,793377.0,726325.0,125535.0,138613.0,7698.0,179469.0,618716.0,349435.0,55313.0,84934.0,32158.0,84698.0,0.0,0.0,0.0,0.0,32431.0,10686.0,678478.0,0.0,10406.0,0.0,0.0,0.0,0.0,0.0,0.0,5197039.0,0.0,0.0,0.0
585,2021-12-14,1441793,772055,3000934,0.0,6645136.0,603780.0,955127,2736695,0.0,339124,21849,1710592,2075108.0,344487.0,1051927.0,129248.0,1624161.0,1007264.0,65651.0,828246.0,228048.0,793395.0,726341.0,125549.0,138847.0,7698.0,179513.0,618857.0,349450.0,55314.0,84939.0,32161.0,84707.0,0.0,0.0,0.0,0.0,32436.0,10686.0,678688.0,0.0,10406.0,0.0,0.0,0.0,0.0,0.0,0.0,5200416.0,0.0,0.0,0.0
586,2021-12-15,1441793,772055,3000934,0.0,6645136.0,603780.0,955127,2736695,0.0,339124,21849,1710592,2075108.0,344487.0,1051927.0,129248.0,1624161.0,1007264.0,65651.0,828246.0,228048.0,793395.0,726341.0,125549.0,138847.0,7698.0,179513.0,618857.0,349450.0,55314.0,84939.0,32161.0,84707.0,0.0,0.0,0.0,0.0,32436.0,10686.0,678688.0,0.0,10406.0,0.0,0.0,0.0,0.0,0.0,0.0,5200416.0,0.0,0.0,0.0
